N,P,K,temperature,humidity,ph,rainfall,label
84.97,46.89,43.89,27.51,81.13,6.31,283.38,rice
87.67,44.24,43.26,22.54,79.97,6.5,178.6,rice
62.75,43.5,33.92,24.49,77.76,5.84,279.97,rice
77.74,48.54,31.45,22.34,82.85,5.94,247.27,rice
73.99,45.67,36.39,28.33,82.23,5.98,260.68,rice
67.79,49.67,28.24,20.38,83.28,6.7,241.14,rice
78.84,45.59,31.13,21.9,80.0,6.82,246.31,rice
62.37,50.59,37.69,22.01,85.36,6.81,263.94,rice
71.61,45.53,41.99,26.14,79.9,6.33,202.81,rice
68.04,54.5,48.14,23.52,87.32,6.54,216.65,rice
83.61,60.3,39.79,27.61,69.2,6.73,238.61,rice
77.01,48.73,28.07,23.15,84.09,6.99,220.45,rice
71.92,43.99,45.49,24.52,79.65,6.61,238.91,rice
89.69,42.38,38.03,22.72,74.98,6.52,243.83,rice
80.05,46.12,31.51,22.65,80.59,6.08,231.16,rice
84.04,63.09,41.05,24.34,81.93,5.63,235.2,rice
80.6,67.71,38.85,24.45,82.13,5.93,270.28,rice
87.52,54.33,34.54,27.21,75.29,6.63,301.71,rice
70.09,43.47,40.6,22.44,74.55,6.43,204.13,rice
84.74,40.64,49.3,21.74,80.69,6.73,199.07,rice
82.27,58.46,30.36,24.16,83.6,6.71,198.89,rice
66.8,52.18,41.78,24.33,84.03,6.13,242.97,rice
82.93,42.29,51.19,24.88,76.34,6.66,206.76,rice
87.87,57.27,35.08,26.11,84.36,6.73,292.9,rice
77.55,41.97,34.66,21.66,81.91,6.54,244.3,rice
88.27,48.1,48.72,23.04,95.9,6.65,210.29,rice
69.29,51.86,38.66,25.49,84.67,6.37,210.6,rice
64.85,44.43,45.14,24.24,76.07,6.47,247.56,rice
71.16,49.23,40.35,20.84,84.09,6.62,268.49,rice
90.54,36.98,34.37,24.99,84.87,6.61,320.0,rice
85.71,57.08,45.72,25.33,80.72,6.7,212.82,rice
77.63,44.12,40.49,29.49,72.96,6.67,187.62,rice
75.28,56.71,40.39,21.01,78.72,6.67,214.09,rice
82.16,48.36,36.09,29.06,85.47,5.59,241.59,rice
73.38,54.82,35.24,23.41,84.82,6.75,199.99,rice
76.65,44.2,36.08,28.11,84.32,5.9,263.54,rice
101.22,56.26,30.88,22.49,88.63,6.12,249.31,rice
87.75,40.58,39.64,15.6,77.18,6.3,198.57,rice
96.32,36.56,37.36,24.03,89.51,5.83,270.89,rice
80.1,40.15,42.77,24.2,79.3,6.43,224.44,rice
81.14,53.3,49.52,20.61,92.97,5.62,231.45,rice
85.88,50.25,36.26,23.18,79.83,6.16,261.49,rice
83.57,42.46,45.4,24.47,86.36,6.65,211.13,rice
74.4,53.98,43.66,23.65,82.89,6.91,218.25,rice
85.47,46.38,38.69,26.45,86.43,6.73,275.16,rice
80.21,53.46,38.14,24.51,81.65,6.44,253.85,rice
71.82,64.74,33.96,20.66,88.09,6.72,254.72,rice
86.28,47.9,34.62,23.89,78.91,6.79,231.59,rice
71.75,45.43,42.48,22.29,78.19,6.5,243.35,rice
74.93,44.23,41.39,20.08,75.26,6.11,229.6,rice
83.11,59.8,45.15,23.3,82.2,6.0,235.44,rice
77.11,50.58,35.04,25.0,89.96,6.36,248.05,rice
86.9,44.79,41.34,23.73,82.79,6.09,236.74,rice
84.98,59.61,45.76,29.08,78.46,6.75,241.5,rice
101.9,41.53,34.96,22.2,71.68,6.19,213.23,rice
81.5,50.73,51.26,26.08,79.42,6.04,250.76,rice
66.8,62.65,47.08,22.53,73.73,6.94,232.56,rice
92.38,35.24,36.4,23.71,82.53,6.22,254.69,rice
69.32,46.86,40.72,24.99,85.86,5.95,189.98,rice
92.78,50.66,35.51,27.58,82.88,6.87,238.03,rice
100.61,62.04,38.51,26.13,85.53,6.95,207.05,rice
86.86,56.47,29.45,20.74,72.1,6.29,257.53,rice
95.02,48.59,49.77,20.25,73.78,6.38,247.52,rice
79.67,31.46,39.47,20.44,85.65,6.55,207.8,rice
74.86,39.53,39.62,26.09,77.37,6.6,220.09,rice
72.07,47.14,33.79,22.32,76.31,7.19,237.06,rice
73.0,49.71,39.33,23.15,85.37,6.7,220.08,rice
74.24,45.8,26.19,19.91,89.13,7.06,228.53,rice
85.77,50.49,58.47,26.5,81.66,6.02,187.81,rice
82.03,41.95,31.47,22.08,76.89,7.07,262.45,rice
79.92,59.84,40.46,21.55,89.92,6.62,204.88,rice
78.1,41.0,31.7,26.02,91.85,5.84,252.89,rice
73.49,44.1,36.45,21.54,82.54,6.07,244.11,rice
79.5,46.09,34.55,22.26,86.08,6.6,206.67,rice
80.99,54.01,29.98,25.06,78.99,6.63,213.1,rice
61.95,34.98,40.29,24.35,77.78,6.66,186.15,rice
79.34,38.31,36.09,23.82,78.0,6.25,266.19,rice
74.23,54.69,33.22,25.02,89.51,5.41,212.09,rice
85.77,46.38,42.23,22.19,82.73,6.34,271.03,rice
82.54,50.7,37.53,22.48,80.14,6.56,223.37,rice
82.9,64.6,45.23,22.88,88.31,6.24,174.86,rice
69.92,33.03,37.89,23.75,90.68,6.53,229.43,rice
88.29,30.31,41.41,25.63,74.91,6.86,246.15,rice
75.85,53.06,53.62,24.15,83.54,6.22,210.5,rice
88.3,41.15,40.43,22.51,84.69,6.53,267.13,rice
74.9,45.84,34.13,22.59,84.19,6.7,208.34,rice
88.7,58.85,42.48,28.39,78.43,5.9,182.64,rice
94.96,53.23,39.67,24.4,76.67,7.38,239.88,rice
81.09,53.81,42.89,24.26,78.35,6.59,292.46,rice
93.45,60.75,36.93,21.23,81.67,6.42,268.83,rice
63.08,60.24,39.05,22.63,77.24,5.74,260.7,rice
80.73,37.68,32.23,22.86,90.65,6.3,190.91,rice
77.54,45.82,23.82,23.56,81.15,6.68,291.47,rice
91.27,45.85,33.36,30.13,82.6,6.41,235.28,rice
81.98,46.85,36.56,22.33,82.14,6.18,214.61,rice
81.06,45.96,49.02,17.07,87.76,6.9,173.8,rice
76.57,45.03,31.55,21.76,76.75,7.1,264.07,rice
92.72,53.77,33.23,22.39,84.75,5.91,257.39,rice
77.6,45.0,44.27,24.81,80.5,6.86,203.57,rice
86.16,52.74,38.14,24.52,76.04,6.77,230.45,rice
71.53,55.74,17.18,18.17,54.2,6.44,65.59,maize
98.86,33.83,26.79,23.03,64.42,5.98,90.79,maize
77.35,56.12,20.46,22.85,62.55,6.18,89.42,maize
57.28,38.96,22.97,22.91,63.81,6.21,90.01,maize
71.32,42.95,20.78,19.46,67.96,5.52,100.24,maize
83.47,50.19,23.93,27.4,72.2,5.46,65.61,maize
70.3,48.58,22.07,20.22,66.41,5.9,75.63,maize
60.92,41.94,14.59,19.47,72.48,5.82,124.29,maize
83.72,49.69,16.57,24.5,61.07,6.25,123.2,maize
76.65,56.44,17.19,22.3,77.5,5.95,111.99,maize
86.29,44.46,22.53,25.32,69.45,5.57,73.89,maize
74.83,47.88,22.48,22.93,55.75,6.35,93.96,maize
84.52,55.97,23.34,23.78,64.61,5.54,91.24,maize
80.29,50.3,14.89,19.16,72.47,6.18,95.02,maize
78.14,48.61,23.75,20.85,65.77,6.02,78.28,maize
74.09,49.95,18.09,26.17,58.84,6.13,78.2,maize
95.16,49.78,24.13,17.94,66.97,6.56,86.03,maize
90.59,44.78,25.64,29.3,62.56,6.02,106.6,maize
96.75,44.74,18.32,21.55,55.69,5.83,69.74,maize
68.59,48.16,20.94,27.05,58.11,6.59,81.59,maize
77.21,53.12,15.51,23.55,66.27,6.4,89.14,maize
107.26,43.94,17.88,20.53,61.21,5.95,102.64,maize
94.85,44.4,16.67,23.81,61.23,6.45,87.84,maize
59.61,59.23,27.18,20.56,62.39,6.31,89.82,maize
85.7,62.47,19.29,20.01,55.44,5.91,84.3,maize
99.33,44.78,20.9,22.35,73.42,7.21,76.84,maize
71.93,55.71,22.73,27.94,69.19,6.06,93.66,maize
91.1,54.14,22.03,25.6,73.29,6.75,94.53,maize
75.79,49.43,24.83,19.95,67.68,6.04,85.23,maize
93.14,49.74,20.19,18.32,70.32,6.46,117.25,maize
74.11,49.93,21.0,27.13,64.43,6.31,93.92,maize
80.04,45.27,20.78,25.62,57.91,6.25,74.3,maize
92.14,37.74,17.76,23.53,76.06,6.17,76.47,maize
100.37,38.26,11.2,23.72,61.59,5.79,95.43,maize
80.73,44.45,14.88,25.02,69.65,6.16,112.5,maize
64.96,37.72,17.23,22.26,66.8,6.1,90.08,maize
62.78,58.51,19.67,25.75,67.5,6.38,93.35,maize
83.17,52.9,25.32,22.99,70.06,6.16,106.4,maize
69.68,61.01,19.84,18.11,66.0,5.93,97.41,maize
69.97,45.28,12.44,21.04,48.13,5.57,96.21,maize
87.23,51.38,16.13,22.26,65.07,5.74,107.35,maize
88.33,46.85,20.11,23.03,50.81,6.1,74.57,maize
65.78,46.43,27.19,24.32,61.1,6.43,105.79,maize
88.9,48.82,17.41,24.49,67.85,6.56,94.33,maize
90.39,44.65,25.27,22.99,79.63,5.92,110.84,maize
80.17,43.84,18.06,21.44,68.07,6.41,76.19,maize
77.51,63.4,26.91,23.71,65.37,6.25,94.0,maize
65.53,46.6,13.33,23.6,69.63,6.01,108.41,maize
63.09,38.15,20.9,25.54,76.89,6.02,100.98,maize
77.34,47.19,23.53,24.36,54.07,6.79,105.5,maize
70.29,51.17,21.98,23.18,61.25,5.93,84.42,maize
91.87,52.21,18.52,24.72,45.16,6.66,58.7,maize
73.45,40.56,14.82,25.88,61.83,6.34,84.1,maize
83.52,48.94,14.87,25.39,61.64,5.58,78.38,maize
95.81,54.35,18.61,21.35,62.85,7.03,90.53,maize
82.96,55.61,20.96,21.62,63.73,6.17,84.24,maize
86.53,48.76,22.93,22.16,65.65,5.4,98.54,maize
81.96,55.39,8.41,28.67,64.12,6.64,69.2,maize
85.15,41.03,17.5,28.14,63.77,6.29,97.85,maize
83.75,49.45,21.46,29.61,64.7,6.28,100.56,maize
91.07,56.71,22.55,18.97,76.53,5.74,89.34,maize
68.75,47.95,21.32,23.36,68.05,6.85,91.6,maize
74.87,55.15,24.76,18.72,69.28,6.48,80.34,maize
94.31,47.35,20.5,21.88,65.21,5.76,63.2,maize
96.93,42.47,16.03,15.94,60.63,5.67,109.43,maize
89.92,43.58,29.01,25.35,62.83,5.2,119.16,maize
61.13,36.88,24.09,29.72,74.79,6.43,93.72,maize
88.04,53.71,21.12,22.71,64.66,5.9,80.59,maize
57.48,47.71,16.05,19.09,66.36,6.76,98.57,maize
58.95,41.47,23.76,19.45,63.53,6.42,70.27,maize
79.06,39.06,17.59,23.36,53.95,6.38,84.51,maize
84.43,49.97,25.46,22.78,62.09,6.25,92.95,maize
78.39,48.68,17.19,20.41,55.28,6.9,66.14,maize
69.49,43.37,23.58,21.52,73.83,5.93,88.98,maize
67.78,63.42,15.25,23.33,69.54,6.37,82.02,maize
76.24,48.71,19.41,25.29,80.57,5.98,64.25,maize
76.74,66.46,16.79,27.32,76.84,5.98,93.33,maize
97.34,45.75,19.19,20.65,58.0,5.94,66.44,maize
78.21,43.01,20.94,17.73,67.42,6.53,54.89,maize
82.29,56.99,15.16,27.42,68.03,5.92,83.96,maize
84.5,48.93,22.16,19.64,66.29,5.63,83.13,maize
66.95,43.25,24.94,25.67,69.36,5.76,80.05,maize
92.36,49.39,29.28,23.58,66.44,6.08,86.8,maize
75.97,53.36,23.83,20.04,55.78,5.47,92.42,maize
64.56,33.33,21.55,29.88,65.06,6.54,86.03,maize
76.61,54.83,18.84,23.2,67.35,5.93,99.68,maize
75.7,43.11,22.15,19.7,65.3,6.2,101.09,maize
83.5,48.22,23.27,26.57,69.0,6.2,65.12,maize
65.02,46.26,17.56,21.84,65.5,6.41,83.74,maize
83.64,48.85,12.1,19.58,64.09,5.72,93.8,maize
96.17,56.93,19.15,26.87,66.14,6.07,75.6,maize
74.17,45.68,20.68,22.88,65.12,6.37,102.66,maize
89.19,38.01,9.78,25.2,55.53,6.11,67.25,maize
56.18,52.19,23.04,20.67,46.96,5.98,90.68,maize
60.05,49.68,19.94,24.14,65.94,5.81,102.75,maize
75.9,48.21,16.27,21.07,58.91,6.13,110.48,maize
61.34,37.11,25.88,21.77,60.42,6.62,75.72,maize
99.71,53.15,18.05,28.87,60.86,6.5,89.29,maize
93.42,59.33,20.13,20.14,68.32,5.93,115.0,maize
79.44,45.84,20.74,18.36,58.3,6.68,74.95,maize
31.72,72.09,87.01,20.34,19.89,7.0,65.88,chickpea
52.11,65.22,78.4,21.56,18.57,7.48,101.75,chickpea
34.95,75.22,80.24,19.44,21.49,7.5,85.48,chickpea
48.68,64.88,74.86,16.81,11.0,8.12,69.07,chickpea
38.33,65.59,81.74,20.53,19.48,7.07,78.43,chickpea
42.36,65.81,89.54,19.88,19.1,7.57,91.83,chickpea
41.55,57.43,82.3,17.6,15.31,7.53,92.48,chickpea
40.27,70.27,90.11,19.38,24.71,7.53,62.49,chickpea
46.13,70.85,87.64,20.25,16.48,6.81,78.01,chickpea
33.3,63.16,83.43,22.24,18.08,6.82,84.55,chickpea
49.67,62.92,79.1,18.93,14.55,7.56,78.89,chickpea
43.46,60.7,77.28,20.34,15.78,7.99,76.1,chickpea
41.9,75.26,71.39,15.38,12.32,7.81,74.58,chickpea
60.57,63.29,81.01,21.98,22.92,8.12,92.18,chickpea
48.29,72.54,84.57,17.8,14.45,7.3,78.4,chickpea
36.47,73.37,85.63,19.08,21.33,6.84,78.16,chickpea
34.37,52.87,79.4,18.66,21.44,7.55,69.86,chickpea
54.93,77.57,83.39,18.45,14.02,7.15,90.99,chickpea
55.18,80.15,76.97,16.66,17.32,6.59,83.33,chickpea
38.92,64.07,70.33,19.93,15.3,6.83,51.38,chickpea
39.88,81.98,89.87,17.99,15.09,7.49,70.12,chickpea
42.51,73.93,87.26,18.7,16.29,6.95,71.83,chickpea
38.29,70.74,85.38,17.29,21.38,7.19,79.89,chickpea
34.12,48.41,85.2,20.37,16.06,7.33,85.26,chickpea
27.6,63.57,84.67,16.39,17.78,6.76,84.76,chickpea
39.81,54.88,86.89,17.43,14.47,7.38,91.59,chickpea
31.97,68.29,82.47,20.29,17.43,7.15,71.82,chickpea
40.79,59.22,62.37,19.77,19.61,6.35,70.0,chickpea
45.05,84.26,80.02,17.44,16.35,7.85,73.64,chickpea
33.71,63.94,74.18,19.15,21.77,7.43,77.58,chickpea
37.77,55.29,85.2,18.74,16.36,8.58,83.09,chickpea
34.09,64.39,86.79,19.13,12.59,7.67,73.42,chickpea
55.09,76.44,77.22,21.46,17.1,7.64,84.95,chickpea
33.33,62.65,86.08,18.23,15.69,6.92,84.34,chickpea
56.6,59.26,80.05,21.72,16.66,7.48,69.48,chickpea
43.53,66.3,85.81,21.27,24.67,7.53,83.36,chickpea
41.66,64.97,81.93,18.31,17.41,7.83,70.03,chickpea
49.22,78.34,79.19,14.66,15.08,7.82,79.87,chickpea
32.11,63.76,84.94,19.99,16.18,7.15,76.18,chickpea
32.72,80.72,77.97,21.33,21.46,7.7,75.78,chickpea
43.33,67.61,74.48,19.55,13.36,7.78,75.45,chickpea
41.71,70.07,78.35,20.07,15.48,7.65,66.64,chickpea
41.11,83.31,73.9,17.54,18.44,7.37,83.61,chickpea
44.01,72.88,86.56,19.72,16.18,7.57,99.1,chickpea
39.04,60.0,86.54,18.66,10.38,7.64,74.75,chickpea
39.38,70.46,81.04,20.32,15.59,7.51,77.5,chickpea
46.01,72.72,74.29,21.07,15.29,7.62,83.77,chickpea
54.81,66.01,77.8,18.86,15.99,7.62,63.94,chickpea
31.67,59.26,85.6,22.32,16.59,7.23,80.8,chickpea
49.4,60.38,81.33,20.85,18.4,7.38,90.11,chickpea
18.47,73.22,75.98,15.24,18.43,7.85,78.73,chickpea
47.72,80.7,87.79,22.18,19.13,7.33,64.08,chickpea
38.13,61.05,92.93,18.55,17.27,7.52,80.54,chickpea
53.66,62.82,81.07,17.42,12.94,7.06,79.73,chickpea
36.67,62.26,71.46,18.73,12.39,7.6,80.92,chickpea
28.44,65.33,75.39,19.54,20.92,6.55,81.25,chickpea
38.82,73.17,81.18,17.4,15.94,6.98,90.86,chickpea
40.27,83.01,79.54,17.48,12.36,6.58,64.26,chickpea
42.24,71.87,70.41,20.69,15.45,7.36,96.22,chickpea
47.27,65.65,74.55,14.6,14.74,7.22,70.23,chickpea
39.05,68.41,78.55,17.6,17.41,7.48,69.2,chickpea
51.39,67.01,80.01,20.32,17.6,7.68,82.97,chickpea
35.2,70.69,73.04,19.12,16.8,7.22,78.81,chickpea
25.05,63.41,80.46,19.22,13.82,7.81,71.44,chickpea
47.86,71.22,76.02,22.45,13.32,7.67,90.11,chickpea
34.74,78.94,78.4,19.48,17.68,7.25,88.21,chickpea
46.45,53.81,87.73,15.58,20.0,7.75,69.19,chickpea
36.81,58.95,78.61,18.28,19.24,7.82,94.06,chickpea
35.6,66.13,69.8,17.29,19.79,7.95,67.76,chickpea
35.36,67.59,81.58,17.28,18.17,7.11,79.96,chickpea
44.47,67.85,77.28,18.68,16.63,7.15,77.51,chickpea
52.89,72.29,78.13,20.29,15.9,7.77,83.8,chickpea
39.24,71.38,70.47,16.65,13.32,7.36,97.43,chickpea
57.95,72.9,82.91,15.3,15.27,6.98,73.89,chickpea
38.75,64.02,68.02,20.4,13.68,7.4,100.84,chickpea
32.74,47.56,78.18,21.1,22.78,6.81,85.07,chickpea
36.38,66.95,95.77,15.89,17.66,7.49,90.96,chickpea
40.88,70.26,77.55,19.44,15.87,7.55,76.4,chickpea
43.12,67.57,86.66,18.8,11.58,7.8,71.04,chickpea
34.87,63.03,88.15,14.63,26.31,7.72,82.33,chickpea
39.66,70.08,83.03,20.19,18.57,7.34,78.13,chickpea
38.89,66.24,86.7,20.09,10.0,7.56,82.05,chickpea
39.95,64.69,86.64,20.8,14.58,7.46,70.38,chickpea
29.06,62.79,85.07,20.81,18.44,7.59,85.26,chickpea
34.97,71.26,84.7,20.41,20.47,7.58,83.61,chickpea
48.66,67.59,74.61,18.57,14.67,7.03,78.65,chickpea
33.76,65.34,68.54,19.33,16.9,6.97,86.69,chickpea
47.6,54.94,75.32,17.36,14.08,7.63,78.16,chickpea
37.98,51.77,83.71,16.42,17.08,7.41,93.71,chickpea
29.63,43.64,81.0,22.5,20.62,7.38,75.18,chickpea
46.56,60.01,82.76,19.91,20.08,8.4,84.02,chickpea
36.03,67.6,69.29,17.51,15.67,7.09,81.62,chickpea
33.52,76.77,79.9,18.88,15.92,7.36,88.35,chickpea
33.16,62.54,78.08,16.21,14.44,7.11,88.84,chickpea
42.2,69.35,85.01,18.63,18.07,7.26,82.75,chickpea
35.44,48.29,79.09,21.75,19.68,7.69,92.46,chickpea
40.81,69.38,76.19,18.27,18.75,7.78,78.71,chickpea
36.5,67.8,83.51,16.01,10.01,7.08,67.89,chickpea
36.03,66.62,77.18,21.8,17.88,7.42,86.32,chickpea
30.99,76.11,79.45,20.24,13.68,6.68,88.28,chickpea
23.06,59.38,16.62,22.35,17.44,6.19,92.49,kidneybeans
24.63,64.54,22.51,19.01,21.03,5.71,90.97,kidneybeans
25.24,62.88,19.19,18.11,12.63,5.64,142.19,kidneybeans
25.51,67.33,19.05,20.14,23.51,5.35,122.71,kidneybeans
25.09,73.96,21.85,20.14,23.96,5.88,100.69,kidneybeans
17.36,68.42,26.3,17.62,16.46,5.75,106.76,kidneybeans
21.84,69.7,19.21,23.08,16.0,5.45,104.45,kidneybeans
10.94,65.92,26.75,20.14,22.41,5.32,96.75,kidneybeans
18.55,64.64,25.23,21.22,17.71,5.77,113.47,kidneybeans
27.64,81.72,16.04,18.48,17.2,5.63,113.0,kidneybeans
26.72,66.82,18.82,20.4,18.68,6.33,81.89,kidneybeans
21.91,85.71,20.13,19.72,20.35,5.65,126.59,kidneybeans
7.53,81.3,14.4,19.57,20.1,5.88,82.03,kidneybeans
23.57,85.72,14.65,20.48,19.28,5.83,106.29,kidneybeans
16.95,71.89,27.32,19.72,24.12,5.31,91.65,kidneybeans
23.63,80.86,21.52,19.47,21.6,5.32,115.07,kidneybeans
26.09,63.43,18.22,20.63,20.07,5.68,137.5,kidneybeans
19.32,64.27,17.51,21.59,20.97,5.51,125.82,kidneybeans
29.32,62.1,12.63,22.12,19.2,5.94,76.45,kidneybeans
26.16,56.6,23.02,20.13,18.26,5.58,116.29,kidneybeans
21.44,72.76,28.01,16.97,27.26,5.73,92.52,kidneybeans
12.82,65.8,23.79,19.84,26.89,5.26,105.82,kidneybeans
13.29,70.77,23.65,19.26,12.49,5.76,112.55,kidneybeans
23.23,78.62,15.82,21.46,25.77,5.17,110.79,kidneybeans
17.77,66.77,21.49,19.13,19.24,5.71,89.69,kidneybeans
14.29,73.61,15.5,21.43,23.22,5.18,95.84,kidneybeans
27.96,58.67,18.24,21.02,24.34,5.62,97.04,kidneybeans
29.33,83.15,24.02,20.27,18.77,5.45,113.84,kidneybeans
23.31,80.11,22.7,17.09,25.28,5.4,100.24,kidneybeans
22.3,85.46,32.54,21.31,20.96,5.86,119.31,kidneybeans
18.88,83.66,21.02,21.1,23.93,5.83,118.58,kidneybeans
17.1,62.48,15.7,20.98,24.33,5.84,131.12,kidneybeans
20.77,73.52,15.73,19.33,24.03,5.95,101.59,kidneybeans
20.37,53.84,18.67,21.88,23.61,5.85,106.75,kidneybeans
20.84,61.56,22.9,20.94,23.32,5.54,73.7,kidneybeans
27.38,63.19,16.65,21.49,20.23,6.02,115.26,kidneybeans
24.9,55.21,24.95,20.62,20.31,5.74,79.36,kidneybeans
23.25,58.24,14.69,17.06,25.49,5.51,129.01,kidneybeans
17.59,52.13,15.63,22.57,21.05,5.54,108.4,kidneybeans
23.81,77.56,25.89,19.38,16.96,5.58,109.9,kidneybeans
15.02,58.89,21.48,20.0,21.71,5.47,102.54,kidneybeans
15.25,75.51,24.24,16.41,18.35,5.25,96.25,kidneybeans
20.3,54.45,16.41,18.09,22.33,5.72,95.17,kidneybeans
21.86,62.58,19.01,23.45,26.29,5.31,118.45,kidneybeans
25.67,57.17,23.38,23.18,17.67,5.42,121.26,kidneybeans
22.43,72.46,21.46,20.88,16.96,6.01,123.54,kidneybeans
19.42,67.11,13.98,21.13,23.6,5.68,122.87,kidneybeans
18.8,72.58,16.02,20.05,20.99,5.77,100.46,kidneybeans
20.01,74.93,18.35,16.89,27.72,6.11,86.62,kidneybeans
24.94,62.97,21.15,20.69,20.78,5.46,95.64,kidneybeans
15.3,60.01,19.83,18.67,23.99,6.15,97.3,kidneybeans
22.24,72.0,21.99,20.25,24.2,5.84,87.44,kidneybeans
26.01,75.49,17.05,20.18,23.99,5.64,122.09,kidneybeans
34.98,60.43,14.58,20.71,24.13,5.63,127.8,kidneybeans
12.77,73.74,17.68,23.54,28.57,5.47,97.76,kidneybeans
25.96,64.02,19.92,20.15,14.88,5.7,95.65,kidneybeans
17.84,80.49,15.07,21.73,20.62,5.62,117.86,kidneybeans
22.84,72.64,23.97,19.44,19.46,5.37,93.62,kidneybeans
38.49,78.7,14.7,17.46,23.29,5.86,114.23,kidneybeans
19.27,66.37,21.41,20.27,13.83,5.63,93.23,kidneybeans
21.85,94.37,21.57,19.47,24.83,5.84,112.3,kidneybeans
24.44,86.01,15.58,21.05,18.36,5.87,92.22,kidneybeans
18.3,64.84,24.0,21.94,17.24,5.72,95.36,kidneybeans
13.25,65.55,18.87,24.95,23.12,5.29,97.53,kidneybeans
26.93,86.3,13.76,16.34,28.15,5.82,92.98,kidneybeans
24.01,43.78,20.11,20.76,24.83,5.4,107.29,kidneybeans
15.25,69.8,16.52,19.28,18.11,5.9,118.88,kidneybeans
19.39,67.84,14.31,19.5,21.42,6.49,89.32,kidneybeans
29.59,76.47,21.22,23.62,22.9,5.82,105.2,kidneybeans
28.14,77.37,17.6,17.46,20.89,5.46,105.05,kidneybeans
28.22,63.38,19.93,20.22,24.57,5.03,96.9,kidneybeans
22.07,78.3,18.13,16.35,23.77,5.51,88.16,kidneybeans
17.05,65.84,17.68,15.69,24.74,6.08,115.77,kidneybeans
13.97,65.69,20.07,21.3,23.94,5.48,107.23,kidneybeans
23.54,80.6,22.92,21.68,21.89,6.12,112.15,kidneybeans
15.63,80.13,22.89,19.21,19.92,5.79,112.95,kidneybeans
21.98,70.3,26.9,22.24,22.27,5.98,90.51,kidneybeans
23.19,83.78,19.23,18.4,19.32,5.37,94.23,kidneybeans
18.58,54.85,20.16,21.9,18.42,6.16,113.66,kidneybeans
26.98,61.58,23.52,17.92,24.72,5.75,114.3,kidneybeans
13.75,59.44,22.49,18.2,23.22,5.29,118.72,kidneybeans
13.4,72.47,22.6,18.71,23.64,5.78,97.92,kidneybeans
14.75,49.84,21.5,16.97,21.93,5.62,116.19,kidneybeans
18.99,64.53,23.03,20.77,22.71,5.84,82.97,kidneybeans
25.34,73.01,16.03,19.61,21.46,5.66,111.01,kidneybeans
29.39,77.24,14.85,21.34,26.25,5.82,122.36,kidneybeans
32.87,76.71,21.1,22.19,22.11,5.71,100.73,kidneybeans
30.18,60.13,26.23,21.1,16.7,5.81,74.5,kidneybeans
24.55,75.47,17.73,20.35,28.44,5.55,90.12,kidneybeans
29.69,85.16,20.11,22.12,26.3,5.48,98.72,kidneybeans
28.19,82.67,22.35,18.34,28.55,5.54,100.97,kidneybeans
22.85,81.49,23.52,20.93,23.22,5.71,114.37,kidneybeans
5.62,64.83,21.07,17.8,22.95,5.64,132.33,kidneybeans
30.24,63.31,19.5,19.95,20.02,5.76,94.63,kidneybeans
14.02,73.1,22.62,18.49,24.73,5.51,109.8,kidneybeans
25.72,67.2,21.92,19.07,20.91,5.64,94.8,kidneybeans
19.74,53.56,18.14,19.53,20.7,5.63,105.07,kidneybeans
23.68,75.37,17.5,17.69,17.95,5.55,100.72,kidneybeans
16.18,55.83,18.28,20.46,23.68,5.53,99.81,kidneybeans
15.24,67.22,16.71,21.25,15.35,5.59,110.52,kidneybeans
21.62,89.24,21.7,24.69,47.53,4.91,147.49,pigeonpeas
16.53,75.02,18.1,27.35,44.29,6.67,141.47,pigeonpeas
29.86,74.21,22.23,28.81,50.46,4.84,142.53,pigeonpeas
24.93,67.31,14.68,27.54,58.32,6.42,147.95,pigeonpeas
25.46,64.77,13.48,24.93,57.48,5.66,143.42,pigeonpeas
19.2,82.93,26.8,34.36,47.15,5.95,111.58,pigeonpeas
28.08,58.36,21.17,24.41,44.57,5.38,134.3,pigeonpeas
18.0,63.31,23.63,24.39,49.42,6.41,136.67,pigeonpeas
17.11,65.86,25.02,28.28,44.91,6.04,121.94,pigeonpeas
24.11,70.97,19.07,25.18,42.78,6.07,180.22,pigeonpeas
17.51,71.37,11.95,25.95,47.91,5.35,126.09,pigeonpeas
17.36,70.04,19.55,20.99,35.38,5.5,160.94,pigeonpeas
6.96,63.7,18.2,31.87,45.79,5.99,153.03,pigeonpeas
10.05,73.85,21.16,29.22,71.66,4.76,192.62,pigeonpeas
19.26,70.0,20.12,26.43,44.68,5.96,111.57,pigeonpeas
24.45,64.37,15.78,26.35,55.64,5.53,158.46,pigeonpeas
17.05,73.76,23.04,33.25,47.05,6.13,151.95,pigeonpeas
27.18,61.95,23.28,27.12,47.71,5.85,155.81,pigeonpeas
20.12,69.42,26.61,30.66,53.31,5.57,127.27,pigeonpeas
25.48,74.71,26.19,25.89,46.72,4.98,139.69,pigeonpeas
25.68,63.97,22.86,27.13,50.04,5.23,151.63,pigeonpeas
5.74,66.2,13.78,31.32,52.76,6.03,187.53,pigeonpeas
15.96,81.68,24.03,26.99,54.91,5.25,128.89,pigeonpeas
17.66,63.47,16.07,31.37,46.55,5.98,135.24,pigeonpeas
11.6,69.86,12.65,27.49,39.89,6.79,172.28,pigeonpeas
21.23,77.81,16.91,29.33,49.3,5.93,181.31,pigeonpeas
24.36,70.01,13.68,24.82,47.36,5.85,121.24,pigeonpeas
32.76,79.83,22.71,27.92,46.83,5.32,151.44,pigeonpeas
21.99,57.77,21.64,27.23,36.65,5.37,139.16,pigeonpeas
30.14,72.15,14.96,29.16,38.82,6.34,137.72,pigeonpeas
20.23,78.31,15.15,23.51,44.6,6.32,111.52,pigeonpeas
6.54,64.09,22.51,31.3,45.32,5.59,178.35,pigeonpeas
11.35,64.59,21.06,29.05,45.04,5.82,87.29,pigeonpeas
17.41,71.33,16.37,27.88,50.78,5.63,153.76,pigeonpeas
15.89,66.05,22.74,28.17,44.58,5.91,167.37,pigeonpeas
10.45,76.97,18.95,28.98,55.28,5.11,131.76,pigeonpeas
19.26,61.43,27.24,25.13,44.77,5.9,119.45,pigeonpeas
18.72,70.24,18.97,27.42,44.92,5.04,157.54,pigeonpeas
29.47,67.85,21.2,29.78,40.48,6.65,154.56,pigeonpeas
28.86,61.84,27.57,30.03,51.42,5.92,143.29,pigeonpeas
26.7,68.82,12.43,24.35,46.98,5.95,148.09,pigeonpeas
26.79,52.09,20.87,22.25,52.66,5.75,159.99,pigeonpeas
16.38,77.94,24.47,29.45,47.32,6.09,131.83,pigeonpeas
24.98,80.9,24.58,25.51,50.27,5.15,163.81,pigeonpeas
22.95,52.74,15.65,26.85,46.29,5.2,159.22,pigeonpeas
21.96,66.15,17.28,30.85,58.03,5.56,134.2,pigeonpeas
23.16,64.84,19.74,29.92,36.64,6.46,151.32,pigeonpeas
18.64,66.99,20.15,22.51,57.07,5.82,160.58,pigeonpeas
25.46,59.53,22.19,26.9,53.18,4.74,147.02,pigeonpeas
17.69,71.16,22.18,25.58,43.83,5.74,127.08,pigeonpeas
24.91,64.75,8.67,26.58,41.87,4.98,118.56,pigeonpeas
21.25,78.33,21.55,25.88,50.84,5.57,132.13,pigeonpeas
14.93,53.69,18.74,28.17,47.52,5.59,125.86,pigeonpeas
23.74,57.16,23.4,24.69,43.59,5.07,136.96,pigeonpeas
25.58,71.83,24.21,29.27,41.48,5.63,130.0,pigeonpeas
27.35,58.13,23.87,30.38,59.08,5.6,167.31,pigeonpeas
32.11,62.76,14.16,22.06,52.38,4.86,140.19,pigeonpeas
22.89,69.18,22.0,28.37,55.77,5.32,132.58,pigeonpeas
16.84,74.34,23.9,29.05,55.2,5.21,191.18,pigeonpeas
28.32,73.58,27.43,22.73,44.95,5.43,167.54,pigeonpeas
15.45,73.76,25.78,29.79,49.8,5.31,128.33,pigeonpeas
26.95,73.93,20.14,26.45,35.95,5.26,197.29,pigeonpeas
14.3,69.22,24.33,23.94,49.21,6.27,149.81,pigeonpeas
35.04,54.35,24.53,27.18,52.73,6.02,131.17,pigeonpeas
21.84,52.84,22.71,28.59,51.93,6.33,158.69,pigeonpeas
21.44,60.65,17.45,31.26,56.72,5.68,150.65,pigeonpeas
16.18,77.08,22.96,33.52,42.83,5.61,155.29,pigeonpeas
23.93,65.97,16.81,30.34,52.43,5.34,183.39,pigeonpeas
26.55,68.77,20.62,29.36,42.93,5.82,95.69,pigeonpeas
25.08,55.21,26.31,26.71,46.83,5.49,142.3,pigeonpeas
27.79,47.8,25.41,28.71,40.86,5.26,191.41,pigeonpeas
15.97,58.47,24.85,28.72,42.47,5.91,123.86,pigeonpeas
26.2,76.19,22.43,28.78,58.67,5.8,119.95,pigeonpeas
22.95,84.39,16.24,26.62,50.6,5.77,124.94,pigeonpeas
26.31,86.26,21.08,24.99,38.81,5.93,177.1,pigeonpeas
23.08,67.68,17.94,24.42,53.11,6.26,110.86,pigeonpeas
28.65,72.29,25.9,23.67,39.91,5.73,162.07,pigeonpeas
29.68,73.35,19.33,24.62,55.48,5.32,190.21,pigeonpeas
19.28,80.42,23.02,27.29,44.98,5.63,160.21,pigeonpeas
21.09,62.95,19.64,27.94,35.33,6.03,125.01,pigeonpeas
14.93,54.2,13.12,23.63,43.85,6.78,136.35,pigeonpeas
21.59,70.9,20.82,27.47,40.93,6.53,194.68,pigeonpeas
12.29,59.51,19.18,24.81,51.14,5.44,203.63,pigeonpeas
26.65,69.4,24.41,31.02,44.72,5.39,151.45,pigeonpeas
25.01,68.81,13.99,25.29,47.66,5.76,198.81,pigeonpeas
13.77,71.74,26.26,34.51,45.67,6.05,163.74,pigeonpeas
21.68,66.91,22.04,20.1,52.19,5.86,143.94,pigeonpeas
30.93,62.3,18.69,33.67,43.11,5.52,145.82,pigeonpeas
24.9,69.36,15.13,26.1,44.46,5.76,160.15,pigeonpeas
22.79,53.49,24.56,28.46,56.41,6.02,177.03,pigeonpeas
23.03,78.47,22.39,27.41,61.73,6.24,163.84,pigeonpeas
14.32,57.39,21.47,28.14,44.42,5.87,189.22,pigeonpeas
24.18,58.57,19.85,25.29,45.77,5.59,137.56,pigeonpeas
14.42,66.68,18.06,18.91,60.42,6.34,140.09,pigeonpeas
20.79,58.33,27.08,33.39,49.04,6.31,153.88,pigeonpeas
14.02,64.41,20.83,26.34,46.79,5.75,147.48,pigeonpeas
20.96,59.22,17.43,23.85,53.97,4.75,178.34,pigeonpeas
27.63,65.28,9.89,26.62,47.71,5.29,136.62,pigeonpeas
28.35,73.02,16.6,22.91,46.14,5.69,161.9,pigeonpeas
18.02,71.79,28.04,30.15,47.81,5.71,140.58,pigeonpeas
27.3,43.61,20.38,28.35,49.69,5.98,54.43,mothbeans
21.09,51.5,18.07,31.86,47.06,7.83,33.72,mothbeans
23.57,51.33,17.02,29.47,62.16,5.47,56.23,mothbeans
8.93,41.24,26.72,26.45,44.98,6.68,71.88,mothbeans
12.24,40.64,26.19,33.77,52.48,6.06,72.16,mothbeans
29.37,52.75,16.95,28.05,52.08,7.0,65.71,mothbeans
25.8,40.46,25.71,29.14,58.01,7.68,40.08,mothbeans
21.22,44.28,13.93,29.24,70.78,5.7,50.88,mothbeans
24.6,48.86,19.75,24.3,54.83,6.35,29.3,mothbeans
27.37,54.71,20.41,28.89,60.72,6.93,60.24,mothbeans
19.91,57.18,21.48,28.78,44.31,6.97,42.88,mothbeans
18.21,42.29,15.94,34.57,62.52,7.95,38.97,mothbeans
21.76,38.95,17.42,25.45,61.88,6.56,61.88,mothbeans
24.42,64.13,14.28,31.98,61.23,6.22,61.27,mothbeans
23.08,46.41,16.9,26.04,67.55,6.8,59.02,mothbeans
17.45,42.54,24.53,24.15,50.29,6.82,52.31,mothbeans
20.5,50.77,22.97,30.4,46.3,6.63,63.15,mothbeans
25.87,38.39,21.61,22.27,53.53,7.94,41.72,mothbeans
17.23,53.35,14.03,26.3,57.38,6.42,48.84,mothbeans
25.12,50.95,21.27,27.18,55.79,6.73,55.78,mothbeans
18.92,46.72,16.24,28.09,47.52,6.13,53.79,mothbeans
22.46,53.48,18.48,29.42,57.06,7.07,42.94,mothbeans
22.15,50.55,20.23,21.94,54.32,8.13,47.6,mothbeans
17.76,50.61,21.45,31.78,44.39,7.24,57.1,mothbeans
20.69,50.37,24.32,30.82,45.2,7.29,50.55,mothbeans
21.76,48.51,19.6,31.78,52.61,6.13,47.26,mothbeans
22.29,56.6,22.61,25.65,70.6,6.96,63.95,mothbeans
20.64,51.73,23.56,31.85,60.6,7.32,48.05,mothbeans
18.54,50.33,23.93,27.53,60.66,7.67,42.04,mothbeans
17.22,47.02,21.43,26.63,62.67,7.05,51.59,mothbeans
14.22,38.79,21.32,21.8,60.29,6.71,83.63,mothbeans
32.94,46.73,19.77,31.19,65.12,5.82,33.34,mothbeans
18.29,52.08,22.19,31.41,44.8,5.41,59.78,mothbeans
17.26,33.87,20.78,30.58,52.35,6.53,49.61,mothbeans
19.55,38.56,17.34,29.76,55.45,6.9,41.25,mothbeans
20.49,32.76,20.91,32.49,42.88,6.45,54.49,mothbeans
27.66,44.86,17.43,22.29,53.92,8.03,53.97,mothbeans
21.29,50.25,20.16,25.76,58.96,6.94,51.38,mothbeans
16.52,57.12,22.86,26.54,60.21,6.5,43.38,mothbeans
17.6,35.6,22.09,22.71,44.6,5.55,50.34,mothbeans
20.65,45.71,16.03,24.68,56.45,6.47,54.36,mothbeans
16.97,49.27,25.41,29.96,50.31,6.95,48.79,mothbeans
21.44,45.72,19.54,28.84,46.25,6.19,37.31,mothbeans
13.4,39.48,20.84,25.52,56.8,6.82,31.51,mothbeans
24.67,53.68,16.22,29.46,47.2,6.86,38.56,mothbeans
12.43,45.32,19.71,27.01,44.91,6.56,53.89,mothbeans
21.18,49.28,17.52,31.72,44.97,7.09,63.02,mothbeans
23.8,46.58,18.09,31.31,43.24,6.22,47.22,mothbeans
27.59,50.66,16.33,27.27,48.9,6.37,60.99,mothbeans
14.54,59.26,23.51,31.47,49.96,6.71,36.87,mothbeans
18.78,51.46,25.38,24.88,50.64,6.71,37.24,mothbeans
24.36,42.93,19.42,26.84,47.67,6.8,49.04,mothbeans
19.54,42.9,21.48,33.16,54.18,7.4,37.3,mothbeans
22.19,40.32,14.29,25.98,61.54,7.37,53.63,mothbeans
13.74,46.63,21.41,28.73,40.29,6.27,50.56,mothbeans
24.08,32.63,19.55,28.63,59.15,7.22,57.03,mothbeans
17.4,34.64,18.63,31.2,62.95,7.23,55.49,mothbeans
23.3,44.11,19.68,33.21,46.6,7.77,47.98,mothbeans
28.03,38.15,22.54,25.99,43.29,6.93,61.29,mothbeans
17.18,37.51,19.83,27.94,57.04,7.37,50.61,mothbeans
30.68,49.57,18.81,23.37,51.36,6.6,60.8,mothbeans
23.71,39.74,20.89,30.21,63.9,7.33,58.81,mothbeans
21.7,50.72,25.2,24.2,50.75,6.34,54.99,mothbeans
27.55,43.82,10.64,26.96,59.59,7.12,55.48,mothbeans
20.0,39.05,22.26,25.7,68.49,7.14,45.39,mothbeans
18.34,47.35,19.24,31.55,54.5,6.36,70.1,mothbeans
21.65,53.38,17.77,29.29,55.38,5.67,71.35,mothbeans
27.85,45.22,15.79,29.24,53.81,7.01,53.12,mothbeans
23.93,58.13,22.47,25.05,62.74,7.78,82.72,mothbeans
15.78,49.7,11.87,29.86,49.36,7.95,43.45,mothbeans
12.95,44.7,12.3,30.45,38.74,6.82,30.42,mothbeans
19.8,59.5,21.64,25.61,52.98,6.81,55.93,mothbeans
14.57,52.15,9.38,26.31,49.78,7.18,51.43,mothbeans
14.37,41.11,20.99,27.96,49.15,6.51,58.16,mothbeans
18.81,47.38,28.88,23.93,40.24,7.27,44.41,mothbeans
19.81,42.53,19.16,33.0,58.81,7.32,37.04,mothbeans
15.64,28.13,16.96,31.07,56.82,6.67,50.98,mothbeans
17.96,49.43,23.26,23.35,55.3,7.36,47.05,mothbeans
24.9,67.7,19.78,29.38,48.03,6.91,55.8,mothbeans
22.37,40.86,21.03,32.59,56.34,7.38,48.83,mothbeans
25.15,49.95,16.4,29.16,46.26,6.42,53.09,mothbeans
22.89,39.68,24.42,29.92,48.27,5.88,49.75,mothbeans
19.17,48.79,18.75,22.18,50.48,6.62,57.54,mothbeans
17.91,59.75,12.55,32.13,51.63,7.32,52.0,mothbeans
27.1,45.29,15.81,32.46,52.41,6.93,63.55,mothbeans
16.24,52.17,17.84,27.8,53.71,5.9,43.41,mothbeans
28.16,54.2,19.95,28.93,51.14,7.61,49.2,mothbeans
22.56,56.02,17.09,32.88,42.49,7.78,47.47,mothbeans
20.19,34.77,18.38,25.08,48.95,6.72,60.78,mothbeans
22.44,50.15,15.82,25.56,65.79,6.36,67.76,mothbeans
20.18,48.02,24.48,32.02,52.42,6.57,50.64,mothbeans
23.09,54.24,20.22,30.06,64.67,7.03,54.32,mothbeans
13.81,29.58,21.75,27.92,49.6,6.95,50.6,mothbeans
27.04,48.6,17.21,31.17,51.68,7.12,46.43,mothbeans
18.15,48.59,20.25,29.64,51.32,5.7,46.87,mothbeans
25.37,45.92,19.21,31.16,48.22,5.87,49.59,mothbeans
18.98,41.24,19.5,29.67,53.13,6.98,69.33,mothbeans
19.69,49.95,18.16,25.66,49.11,6.51,54.79,mothbeans
33.15,42.99,18.53,28.01,55.97,6.96,64.04,mothbeans
9.27,31.29,18.22,31.49,42.24,5.0,56.91,mothbeans
22.12,39.67,15.96,26.08,85.94,6.45,52.35,mungbean
6.63,41.3,15.4,27.86,83.35,7.02,33.53,mungbean
21.13,51.21,27.33,27.3,86.8,5.98,29.26,mungbean
25.12,47.26,24.61,25.07,87.58,7.45,51.76,mungbean
22.28,47.36,13.62,31.89,83.06,6.9,35.9,mungbean
15.0,57.35,18.51,32.13,85.19,5.96,55.54,mungbean
17.95,52.19,20.0,24.64,86.16,7.58,52.34,mungbean
20.61,54.83,20.74,29.02,81.13,6.79,56.68,mungbean
16.72,57.27,19.53,26.28,89.49,6.59,54.48,mungbean
19.44,46.88,21.87,29.23,77.52,6.25,55.84,mungbean
20.24,43.63,14.47,25.8,77.41,6.66,43.61,mungbean
16.07,46.82,21.36,33.73,79.45,7.16,56.18,mungbean
17.0,48.72,18.07,28.96,91.54,6.94,52.47,mungbean
18.75,36.91,19.07,31.52,79.39,6.28,49.41,mungbean
15.98,41.75,18.21,25.09,81.6,6.98,37.94,mungbean
12.91,42.89,22.83,28.01,83.64,6.72,34.43,mungbean
23.37,49.98,18.26,31.01,80.99,7.15,49.64,mungbean
19.22,47.16,19.47,31.55,81.19,6.39,56.69,mungbean
17.92,53.6,26.7,27.5,88.23,6.24,54.44,mungbean
21.9,50.61,17.32,24.35,87.51,5.87,45.86,mungbean
25.61,48.64,27.69,31.06,82.88,6.71,48.02,mungbean
12.99,40.72,17.66,23.41,85.69,6.6,35.02,mungbean
22.92,52.31,20.81,27.69,87.87,6.97,50.86,mungbean
16.78,49.24,24.68,27.01,93.89,6.49,48.66,mungbean
17.54,48.86,12.93,27.13,81.13,6.75,56.36,mungbean
24.13,30.7,28.07,29.24,82.39,6.76,49.81,mungbean
17.57,48.69,17.47,27.49,82.75,6.13,49.57,mungbean
23.83,50.9,23.18,29.31,83.37,7.04,37.54,mungbean
16.4,40.55,24.22,30.86,87.45,7.13,41.37,mungbean
22.64,46.42,23.29,28.21,83.96,6.92,55.41,mungbean
17.56,46.87,15.67,22.25,86.3,6.94,50.5,mungbean
11.15,44.84,11.03,31.92,81.16,7.2,55.97,mungbean
16.4,39.37,21.3,26.39,85.91,6.51,34.15,mungbean
9.75,48.89,17.65,27.12,88.28,7.17,46.22,mungbean
19.2,50.8,14.47,29.06,87.71,6.97,32.91,mungbean
17.09,41.15,20.3,29.7,91.49,6.5,44.42,mungbean
26.65,49.38,24.97,29.22,80.87,6.17,35.99,mungbean
24.21,55.62,27.3,30.61,90.15,6.47,39.15,mungbean
25.15,50.22,20.33,29.47,86.79,7.21,58.76,mungbean
23.62,53.22,21.96,27.35,88.53,6.14,56.83,mungbean
14.93,49.3,16.52,29.88,85.36,6.06,51.77,mungbean
18.01,53.47,19.91,29.49,81.67,6.46,44.73,mungbean
25.18,59.04,16.68,31.19,76.82,6.22,40.73,mungbean
14.14,36.21,21.55,27.96,87.02,6.98,50.52,mungbean
24.19,46.81,15.15,31.14,83.14,6.33,46.98,mungbean
16.34,44.38,21.28,29.37,81.91,6.5,56.99,mungbean
23.38,61.83,24.62,31.36,79.95,7.01,47.98,mungbean
18.15,48.48,23.68,29.75,81.99,7.0,43.3,mungbean
21.98,45.18,19.02,30.42,81.34,7.48,33.83,mungbean
17.91,49.89,22.24,28.25,85.27,6.86,46.55,mungbean
27.87,53.18,23.39,26.08,85.18,6.58,40.36,mungbean
22.7,43.54,22.52,25.82,92.38,6.34,50.15,mungbean
24.86,43.31,23.31,25.43,91.31,6.71,43.63,mungbean
19.4,52.96,17.56,26.63,84.61,6.23,62.96,mungbean
18.07,53.12,20.74,26.04,85.48,7.01,46.89,mungbean
26.87,54.45,23.58,27.35,81.18,6.45,49.97,mungbean
23.63,32.1,19.87,28.9,84.39,7.22,51.77,mungbean
27.45,45.79,23.65,32.59,90.75,6.26,46.37,mungbean
19.17,50.72,22.65,26.4,85.77,5.89,59.94,mungbean
18.34,47.69,18.66,31.37,74.15,6.69,47.55,mungbean
18.63,59.38,16.35,30.43,86.93,7.2,43.06,mungbean
17.24,54.97,21.6,24.64,83.34,6.85,55.1,mungbean
17.5,26.9,21.99,25.45,77.43,5.57,54.91,mungbean
21.54,45.72,25.46,30.09,91.97,6.14,48.12,mungbean
12.82,45.69,18.91,30.07,85.68,6.95,54.03,mungbean
31.67,45.09,16.14,29.12,82.29,7.29,46.13,mungbean
18.07,44.0,22.77,28.11,82.93,7.37,41.55,mungbean
21.08,51.87,13.37,29.7,81.28,7.03,40.7,mungbean
24.36,55.04,23.35,29.13,84.57,6.47,60.17,mungbean
17.4,40.04,22.56,26.51,81.7,6.12,44.54,mungbean
20.49,49.0,23.71,29.82,84.74,6.62,52.48,mungbean
27.26,48.18,18.02,26.02,79.72,6.97,53.02,mungbean
23.79,46.4,25.53,27.29,89.32,6.68,43.53,mungbean
23.86,50.17,21.33,28.7,85.35,7.66,57.87,mungbean
24.51,48.08,23.93,29.79,85.6,6.58,47.75,mungbean
5.05,48.77,17.95,32.48,85.58,6.22,48.0,mungbean
15.67,50.61,21.06,30.89,82.34,6.71,37.48,mungbean
24.41,50.93,21.88,28.5,87.16,7.34,46.12,mungbean
21.59,39.7,16.43,28.74,89.92,6.6,46.51,mungbean
18.87,43.56,21.08,24.76,90.62,6.43,54.18,mungbean
14.55,51.98,22.59,29.46,81.52,6.8,38.94,mungbean
19.64,54.51,23.09,28.54,81.6,6.96,48.56,mungbean
9.3,52.78,19.8,31.51,81.12,5.43,50.63,mungbean
22.36,35.47,15.99,35.39,84.28,6.99,43.19,mungbean
10.45,46.11,18.84,27.5,85.04,6.81,47.2,mungbean
14.58,50.7,12.1,23.37,88.46,6.9,47.94,mungbean
13.92,42.34,18.85,24.51,82.54,6.96,59.82,mungbean
18.8,52.6,12.24,30.15,82.28,6.82,46.42,mungbean
27.5,41.18,22.41,27.8,84.87,6.63,41.63,mungbean
20.83,46.86,20.86,28.71,88.69,7.07,40.0,mungbean
25.24,39.0,22.25,30.05,77.85,6.74,44.65,mungbean
17.11,56.76,17.29,26.48,85.8,6.97,47.27,mungbean
26.73,51.02,11.19,27.18,83.25,6.89,27.4,mungbean
33.65,51.02,20.5,31.45,94.87,7.05,55.99,mungbean
21.55,46.31,18.0,26.43,82.75,6.16,47.79,mungbean
12.48,48.64,19.75,28.87,83.41,7.93,59.28,mungbean
14.68,48.93,17.47,25.96,80.14,6.87,42.95,mungbean
25.74,54.26,25.4,26.37,87.4,6.95,44.61,mungbean
17.04,58.57,20.81,30.09,82.21,6.21,43.84,mungbean
20.28,39.85,19.86,24.28,81.02,6.97,53.23,mungbean
37.36,59.36,15.09,28.97,68.32,7.47,62.93,blackgram
32.03,69.64,15.91,28.6,71.73,7.43,69.48,blackgram
31.2,69.19,23.45,28.96,71.86,7.62,84.54,blackgram
42.24,72.2,24.86,31.02,62.59,6.92,70.29,blackgram
31.07,66.35,23.59,24.42,72.77,7.55,63.3,blackgram
43.9,67.53,24.12,32.36,58.1,7.33,65.84,blackgram
40.68,61.67,26.19,32.5,61.4,6.57,64.04,blackgram
43.14,69.42,24.21,31.87,69.95,7.23,54.01,blackgram
38.73,75.98,18.99,31.16,63.51,6.69,66.67,blackgram
42.26,62.25,18.26,27.55,70.7,6.98,82.43,blackgram
50.8,66.85,15.17,24.69,57.74,6.55,81.68,blackgram
40.91,70.62,10.32,26.91,69.54,7.21,66.43,blackgram
44.05,80.59,18.32,30.07,66.06,8.06,46.91,blackgram
44.88,66.58,21.47,28.26,64.86,7.38,99.03,blackgram
45.76,60.72,17.5,28.77,56.12,6.97,75.23,blackgram
31.18,75.89,21.15,28.06,64.39,7.74,75.24,blackgram
40.16,65.6,19.51,28.62,54.58,7.92,69.45,blackgram
42.89,67.04,16.26,29.44,57.1,8.01,55.55,blackgram
32.88,63.98,24.35,29.94,58.92,7.6,75.21,blackgram
43.87,73.23,28.78,35.36,61.67,7.75,71.73,blackgram
43.59,53.96,18.52,27.87,69.24,7.53,47.16,blackgram
39.95,76.47,18.45,31.72,66.86,7.24,65.19,blackgram
31.58,58.53,22.04,29.95,64.41,6.93,64.85,blackgram
47.43,64.82,13.84,31.76,64.08,7.11,83.98,blackgram
39.96,69.81,14.48,29.35,68.15,6.48,69.91,blackgram
40.81,67.83,23.35,30.74,72.49,6.7,69.26,blackgram
40.69,58.95,23.03,35.71,65.01,7.3,68.75,blackgram
35.1,52.93,16.38,26.42,73.62,7.05,64.44,blackgram
46.32,58.53,16.13,30.07,70.24,7.3,70.38,blackgram
40.65,70.7,20.01,27.33,65.33,6.67,68.71,blackgram
36.74,87.82,19.04,26.39,64.43,7.31,84.63,blackgram
35.97,54.84,22.47,26.45,62.92,7.0,67.2,blackgram
44.92,62.03,18.11,29.86,65.85,7.14,72.26,blackgram
46.01,70.64,21.01,25.94,65.35,7.29,75.19,blackgram
35.25,62.23,16.9,31.24,70.27,6.94,76.98,blackgram
40.96,66.51,18.35,31.77,66.73,8.01,59.38,blackgram
43.73,63.27,15.72,29.87,65.79,8.27,66.06,blackgram
32.19,69.68,10.9,29.67,65.18,7.42,77.64,blackgram
36.58,66.3,16.14,27.08,66.65,6.59,63.75,blackgram
33.13,71.9,26.41,26.65,55.83,7.05,68.06,blackgram
41.63,63.93,18.4,30.82,70.3,6.32,64.21,blackgram
41.6,60.16,26.12,28.31,64.89,7.32,61.99,blackgram
27.17,64.07,23.32,29.06,60.87,7.47,64.59,blackgram
36.53,68.7,22.28,35.85,69.24,7.56,62.84,blackgram
32.92,68.0,19.63,27.2,64.22,7.26,71.5,blackgram
43.63,69.83,17.17,28.62,59.11,7.81,68.03,blackgram
38.53,60.07,30.94,27.22,62.96,7.27,73.9,blackgram
46.81,81.96,21.22,27.26,63.82,7.22,88.58,blackgram
30.32,77.12,19.92,31.99,64.59,6.76,75.41,blackgram
44.68,75.28,19.15,28.4,57.31,7.43,72.14,blackgram
33.34,63.19,17.33,26.19,61.01,6.65,63.78,blackgram
34.93,54.48,27.29,33.03,61.2,7.21,72.07,blackgram
48.44,60.95,23.57,28.53,58.42,7.39,80.81,blackgram
58.22,57.9,22.0,28.88,69.02,6.51,55.27,blackgram
34.67,68.13,16.64,31.55,70.23,7.34,84.09,blackgram
43.01,57.76,24.65,28.39,69.65,7.73,72.47,blackgram
29.63,60.15,24.49,29.48,65.5,7.4,74.86,blackgram
42.05,65.83,17.95,32.04,67.87,7.0,78.72,blackgram
39.2,60.69,16.16,27.45,63.74,7.59,59.85,blackgram
41.42,62.25,18.16,26.12,64.0,7.02,73.3,blackgram
41.66,57.91,23.54,30.43,66.09,7.1,62.72,blackgram
41.62,71.3,12.21,28.55,63.83,7.2,79.83,blackgram
34.7,63.52,17.15,27.9,63.36,7.41,57.36,blackgram
43.09,53.88,16.95,29.08,73.47,6.99,45.89,blackgram
26.11,67.77,21.66,30.84,65.94,7.56,62.5,blackgram
46.36,54.44,15.58,25.38,63.73,7.08,69.04,blackgram
40.53,60.08,18.44,26.16,71.92,6.98,63.01,blackgram
51.22,57.56,14.7,27.16,64.76,7.27,75.3,blackgram
58.1,49.5,21.63,28.51,62.17,6.85,58.81,blackgram
51.89,74.24,19.29,33.28,57.54,6.57,46.12,blackgram
35.2,68.79,19.61,30.27,58.04,7.42,70.3,blackgram
45.23,52.36,20.45,26.93,63.11,7.31,68.81,blackgram
34.14,67.55,13.07,32.78,64.07,7.55,62.63,blackgram
36.43,61.39,22.7,28.13,68.32,6.95,48.14,blackgram
36.11,58.07,19.34,26.92,69.73,7.06,66.12,blackgram
44.69,75.21,19.12,27.97,56.23,6.83,61.73,blackgram
40.85,64.74,21.95,28.37,64.81,7.57,71.32,blackgram
39.68,62.68,16.67,27.77,62.39,7.4,65.68,blackgram
30.65,81.65,20.48,26.38,62.89,7.14,84.95,blackgram
32.34,75.31,24.8,28.33,63.71,6.69,65.87,blackgram
39.84,72.78,23.56,28.03,55.26,7.09,70.84,blackgram
41.85,64.89,19.7,33.69,67.01,6.95,62.9,blackgram
38.91,80.59,18.47,29.85,62.69,7.54,87.5,blackgram
43.25,68.16,19.35,23.94,68.83,7.15,72.18,blackgram
35.12,64.42,17.56,32.45,63.21,7.93,72.21,blackgram
31.17,66.47,16.59,24.41,73.1,7.38,73.23,blackgram
41.26,56.44,17.27,32.0,59.84,6.09,65.63,blackgram
39.11,68.58,22.11,31.49,66.39,7.58,52.71,blackgram
43.63,72.51,14.24,26.14,61.37,6.84,75.43,blackgram
35.8,60.65,16.75,32.7,65.17,7.03,66.8,blackgram
49.14,61.51,24.46,30.43,64.3,8.1,57.34,blackgram
37.62,57.64,23.01,34.12,73.45,7.59,65.92,blackgram
37.54,54.13,27.34,31.07,62.64,7.63,58.17,blackgram
42.95,66.12,21.75,29.74,57.85,7.13,78.39,blackgram
39.9,73.7,15.02,29.83,61.98,7.4,68.21,blackgram
44.93,76.2,21.97,30.58,60.11,7.1,62.57,blackgram
37.69,64.5,15.28,25.01,61.76,7.18,54.42,blackgram
40.21,82.7,23.29,34.01,67.06,7.57,60.66,blackgram
35.59,45.59,23.94,33.75,62.33,7.0,60.36,blackgram
42.78,76.5,12.23,30.92,63.72,7.15,72.49,blackgram
17.86,67.57,18.54,27.41,67.31,6.99,35.53,lentil
16.91,75.59,19.55,26.48,75.4,7.32,46.45,lentil
16.25,47.97,18.73,23.52,67.14,6.84,43.14,lentil
9.9,60.88,21.31,29.65,64.21,7.03,53.32,lentil
14.75,71.33,16.44,27.09,65.71,7.02,39.44,lentil
22.34,85.08,15.37,23.48,66.19,7.21,41.22,lentil
4.63,79.27,22.44,19.27,61.15,7.53,57.28,lentil
23.49,66.99,19.73,24.11,71.57,6.55,39.25,lentil
23.85,68.05,24.91,22.49,64.47,6.53,45.76,lentil
11.41,64.5,13.65,26.58,69.1,6.21,56.37,lentil
31.29,68.77,16.84,32.97,56.89,6.91,47.14,lentil
25.53,71.28,17.41,21.65,62.75,6.5,46.08,lentil
15.98,56.45,24.42,23.01,57.19,6.83,46.25,lentil
10.07,71.05,15.21,29.63,67.94,6.74,39.74,lentil
18.28,73.3,19.3,23.85,65.15,6.66,42.95,lentil
8.37,76.19,20.6,22.18,76.19,6.93,37.41,lentil
23.08,71.58,20.98,23.22,67.5,6.8,50.15,lentil
9.28,64.93,26.29,22.2,61.18,6.72,35.98,lentil
7.76,66.56,19.94,24.34,63.93,6.92,53.88,lentil
17.85,63.81,18.28,26.24,73.27,6.65,46.49,lentil
20.49,60.46,19.48,20.1,54.19,7.05,42.63,lentil
19.81,68.26,15.49,24.36,57.4,7.46,34.85,lentil
17.82,60.06,21.68,23.51,61.69,7.24,45.94,lentil
21.38,60.55,13.78,24.82,62.89,7.15,45.06,lentil
19.83,55.41,26.95,24.01,68.99,6.57,48.16,lentil
12.29,72.02,17.98,24.59,68.99,6.41,40.22,lentil
21.09,85.19,18.85,26.27,64.16,7.68,31.72,lentil
19.27,55.4,9.37,25.39,65.64,6.79,44.85,lentil
34.29,66.33,21.44,22.55,66.57,6.8,42.42,lentil
27.89,77.82,19.95,17.59,62.63,7.98,43.85,lentil
24.32,79.94,20.28,21.97,50.19,7.17,39.18,lentil
19.68,58.4,18.34,24.6,66.41,6.45,55.28,lentil
15.82,55.0,18.96,24.6,65.76,7.44,43.81,lentil
18.2,59.57,22.68,25.05,62.28,6.14,57.26,lentil
12.66,63.67,20.83,20.91,55.84,6.05,51.47,lentil
16.07,91.82,15.42,21.74,61.41,7.0,41.94,lentil
21.86,60.57,13.87,19.11,51.46,6.69,43.29,lentil
15.64,78.35,24.31,23.5,54.04,6.67,40.9,lentil
15.51,62.82,16.79,23.34,60.99,6.98,48.58,lentil
14.25,78.57,15.48,19.65,67.08,6.57,48.27,lentil
6.78,79.54,22.09,20.0,55.93,7.57,39.8,lentil
14.63,50.27,18.0,23.82,69.09,6.34,33.54,lentil
21.05,76.45,13.12,27.74,65.03,7.34,45.14,lentil
6.19,67.18,23.64,21.82,62.47,6.83,22.5,lentil
27.16,61.19,21.42,24.24,72.35,7.06,43.82,lentil
14.33,74.78,11.91,26.44,58.21,7.4,46.99,lentil
22.02,69.06,12.39,21.92,68.83,6.97,55.15,lentil
20.82,60.67,16.22,24.81,50.92,7.57,49.23,lentil
24.94,55.76,24.38,31.19,56.87,7.21,45.71,lentil
11.08,72.34,22.73,22.7,71.8,6.23,33.74,lentil
19.48,68.6,16.53,26.93,67.99,7.24,44.71,lentil
21.81,64.83,27.62,22.06,77.43,6.91,34.7,lentil
25.64,69.41,22.8,28.17,66.83,6.66,53.51,lentil
18.8,73.89,10.79,25.84,60.97,7.56,50.68,lentil
20.0,72.29,15.41,29.37,76.75,7.06,58.42,lentil
15.95,62.02,19.56,25.8,62.44,7.12,48.15,lentil
13.81,72.55,22.85,25.01,71.72,6.41,49.44,lentil
12.95,59.49,16.88,21.67,61.51,6.81,52.4,lentil
17.19,55.71,23.96,21.99,64.45,7.08,47.3,lentil
24.27,72.23,15.95,31.04,65.97,6.84,53.41,lentil
20.05,71.59,29.37,23.67,62.89,6.95,54.27,lentil
11.27,52.68,17.05,19.6,62.25,7.1,38.57,lentil
11.67,68.95,22.85,19.42,69.72,7.23,53.33,lentil
24.89,86.02,17.98,24.83,62.3,6.9,57.96,lentil
12.07,61.51,24.91,27.56,62.62,7.24,48.43,lentil
26.3,69.0,23.5,32.43,68.39,6.92,51.48,lentil
16.97,87.5,20.12,23.68,59.79,7.34,52.64,lentil
16.31,73.01,13.37,25.05,67.52,7.58,39.53,lentil
12.41,61.24,14.05,28.51,74.09,7.03,55.47,lentil
19.47,67.64,18.07,23.57,55.51,7.01,45.38,lentil
22.53,69.15,18.75,21.89,65.23,7.2,36.55,lentil
19.24,70.26,16.53,22.74,66.18,6.45,48.5,lentil
14.32,76.9,28.75,21.92,68.01,6.61,54.03,lentil
12.47,72.24,15.91,23.88,58.61,7.23,39.0,lentil
21.56,65.65,18.94,24.94,60.23,6.98,57.94,lentil
14.91,77.77,25.39,22.05,56.07,7.02,41.32,lentil
28.14,68.68,16.19,21.06,71.34,6.67,46.05,lentil
23.58,64.53,19.22,24.45,68.9,7.14,43.94,lentil
19.12,65.43,13.49,25.27,76.15,6.55,39.52,lentil
14.45,74.2,21.19,24.02,59.29,6.94,33.18,lentil
19.52,75.37,14.4,19.9,74.28,6.66,54.79,lentil
18.03,67.1,21.15,21.85,65.59,6.75,35.14,lentil
20.49,66.29,18.77,20.87,74.35,7.25,53.41,lentil
17.27,54.57,27.21,24.32,60.31,7.07,55.04,lentil
18.68,78.63,23.73,21.27,60.76,7.28,24.0,lentil
18.05,56.95,17.49,23.6,62.65,6.68,36.92,lentil
30.26,83.34,14.75,29.25,62.4,6.95,45.19,lentil
15.5,76.27,19.9,23.07,56.97,6.54,32.57,lentil
18.86,58.83,18.34,28.61,72.0,6.89,45.0,lentil
28.2,72.57,18.09,20.22,67.16,7.23,40.65,lentil
20.26,65.49,18.66,17.04,63.47,7.29,40.65,lentil
19.06,62.35,20.84,23.85,59.16,7.43,53.13,lentil
15.78,72.38,21.55,26.43,54.63,7.3,41.14,lentil
17.01,89.5,20.61,23.34,51.57,7.46,34.94,lentil
13.78,65.75,25.07,26.82,63.85,7.02,40.9,lentil
19.5,68.99,23.28,27.4,67.76,6.76,51.63,lentil
18.34,59.74,17.79,24.75,70.26,6.83,36.03,lentil
19.08,69.31,20.14,27.26,70.91,6.66,40.77,lentil
13.6,73.99,25.2,23.55,63.35,7.49,49.74,lentil
20.98,58.87,22.11,21.71,58.0,6.76,41.01,lentil
17.57,11.6,44.99,25.75,82.31,6.89,97.77,pomegranate
24.04,18.46,40.34,21.15,94.95,5.78,114.79,pomegranate
25.51,22.38,51.82,19.95,93.93,6.35,122.3,pomegranate
18.85,16.86,46.73,20.08,84.45,6.14,114.93,pomegranate
27.25,19.36,46.79,17.05,88.33,6.26,106.13,pomegranate
19.4,22.25,37.98,22.29,89.92,5.94,106.14,pomegranate
18.04,17.97,40.36,22.06,88.37,7.04,93.47,pomegranate
14.57,32.7,35.01,17.06,93.04,5.36,104.68,pomegranate
31.77,11.08,30.29,16.55,93.69,6.96,101.35,pomegranate
23.0,25.75,49.14,20.94,80.89,5.99,102.38,pomegranate
17.35,17.86,45.79,26.26,89.41,6.95,111.79,pomegranate
19.29,23.33,40.56,29.0,84.35,6.14,105.98,pomegranate
21.54,25.14,40.08,16.82,93.47,6.78,84.2,pomegranate
18.88,10.85,36.88,18.64,93.34,6.46,92.07,pomegranate
24.18,11.63,41.85,18.95,88.64,6.65,113.76,pomegranate
26.92,18.39,41.73,20.27,90.83,6.62,106.32,pomegranate
8.08,20.46,42.02,19.42,84.96,7.14,113.4,pomegranate
17.53,13.11,36.09,26.36,90.65,6.12,113.62,pomegranate
14.01,26.3,46.96,20.17,87.59,5.09,89.72,pomegranate
10.86,19.48,38.57,17.09,88.98,6.65,113.83,pomegranate
7.5,18.16,33.28,24.96,93.24,5.95,98.31,pomegranate
16.13,7.54,41.88,20.85,93.98,5.85,100.07,pomegranate
9.86,13.78,34.29,25.29,87.31,6.46,102.93,pomegranate
11.28,17.96,43.2,17.57,93.34,5.98,101.7,pomegranate
22.08,15.48,40.39,20.7,90.62,5.21,85.54,pomegranate
22.6,23.99,35.65,20.95,91.28,6.75,83.17,pomegranate
13.58,17.14,43.72,30.54,89.19,5.7,112.33,pomegranate
26.83,19.34,35.67,25.15,92.75,5.89,112.08,pomegranate
24.88,24.71,39.87,20.55,95.01,5.79,112.76,pomegranate
10.68,24.13,38.91,26.24,92.07,5.79,124.6,pomegranate
28.21,23.21,36.39,20.73,90.68,6.05,127.81,pomegranate
19.77,5.28,41.9,20.58,89.8,6.22,117.18,pomegranate
25.62,20.22,38.5,21.66,90.18,6.0,114.45,pomegranate
21.66,26.5,46.48,19.4,93.38,5.92,115.85,pomegranate
15.8,13.68,41.6,12.44,83.1,6.31,108.49,pomegranate
16.68,10.9,36.11,23.17,92.43,6.39,121.38,pomegranate
21.28,15.06,38.8,16.89,89.67,6.96,115.72,pomegranate
27.31,17.29,46.93,21.12,95.99,6.39,115.99,pomegranate
27.75,17.83,41.29,26.31,89.57,5.74,133.22,pomegranate
16.08,19.59,45.98,19.67,86.07,6.53,85.98,pomegranate
17.17,20.03,38.85,16.4,96.48,6.45,124.67,pomegranate
17.34,14.4,41.55,21.04,85.39,7.13,100.03,pomegranate
7.86,25.44,37.68,19.67,83.04,7.27,92.03,pomegranate
19.25,23.36,42.31,21.59,83.29,6.0,109.75,pomegranate
14.18,19.82,43.61,25.17,85.2,7.5,116.71,pomegranate
18.89,24.25,52.03,16.76,89.2,5.21,109.81,pomegranate
21.09,18.6,36.93,14.63,91.59,7.13,100.41,pomegranate
21.54,10.96,42.49,20.42,87.05,6.02,102.78,pomegranate
21.19,12.24,38.21,21.65,85.7,7.3,97.26,pomegranate
14.88,13.91,49.19,23.74,86.35,6.95,109.91,pomegranate
20.44,17.08,36.45,22.98,87.92,7.31,92.27,pomegranate
28.12,18.24,41.7,24.72,87.58,6.83,75.01,pomegranate
14.58,14.18,33.93,21.05,91.64,6.75,110.39,pomegranate
14.91,20.65,40.82,25.08,93.21,6.42,96.73,pomegranate
14.98,16.05,38.62,22.74,92.96,6.37,107.69,pomegranate
19.76,16.22,35.57,15.66,87.32,6.64,99.07,pomegranate
17.47,21.13,42.8,18.02,94.09,6.96,93.94,pomegranate
13.96,24.76,39.47,14.03,84.5,6.28,93.54,pomegranate
16.42,18.96,47.51,20.78,94.39,7.11,124.71,pomegranate
20.61,8.98,42.5,25.47,89.78,7.27,117.82,pomegranate
22.31,24.23,41.87,13.08,88.1,7.0,97.81,pomegranate
17.56,13.58,49.12,27.69,86.56,6.47,99.33,pomegranate
22.59,21.35,44.26,22.96,100.0,5.89,86.97,pomegranate
16.54,10.96,32.74,18.3,86.41,5.92,113.72,pomegranate
15.86,17.9,44.67,19.12,89.04,6.58,84.2,pomegranate
4.59,20.53,42.66,29.02,90.73,6.81,105.15,pomegranate
20.68,27.14,29.58,23.25,98.64,6.54,127.31,pomegranate
15.12,18.64,40.37,14.04,85.43,5.85,117.36,pomegranate
24.13,20.42,44.32,21.23,94.91,6.4,108.19,pomegranate
17.31,22.22,38.09,25.22,85.57,5.85,115.75,pomegranate
18.37,16.53,44.65,19.67,89.3,7.1,125.97,pomegranate
28.33,17.39,46.35,18.48,86.47,5.22,127.57,pomegranate
13.72,18.17,35.65,24.23,88.6,5.75,112.8,pomegranate
10.3,14.61,29.67,16.82,90.81,5.42,89.73,pomegranate
18.89,16.08,50.16,28.22,86.63,6.68,116.49,pomegranate
15.32,11.32,40.14,21.2,88.36,6.62,98.49,pomegranate
11.99,19.35,42.13,17.68,93.81,5.51,100.56,pomegranate
17.35,15.62,37.37,28.35,86.7,7.62,112.75,pomegranate
19.45,21.18,52.85,18.32,85.62,6.02,107.89,pomegranate
8.55,18.91,48.67,22.33,88.93,6.09,118.28,pomegranate
13.95,28.03,49.87,22.7,90.05,6.92,120.64,pomegranate
14.06,16.17,33.59,23.23,92.77,5.73,102.04,pomegranate
10.82,14.31,42.96,19.23,88.9,5.59,109.74,pomegranate
18.63,15.16,39.25,22.43,86.84,5.66,129.17,pomegranate
15.1,18.32,45.25,34.15,85.12,6.62,99.01,pomegranate
15.67,15.2,34.57,21.66,84.2,6.87,108.16,pomegranate
21.43,16.47,38.36,22.81,85.44,6.22,97.18,pomegranate
13.56,8.25,46.9,19.4,94.75,6.93,92.07,pomegranate
12.37,31.6,48.95,21.69,91.13,6.08,112.69,pomegranate
14.6,8.64,33.59,21.87,85.58,6.37,94.6,pomegranate
14.21,23.07,41.44,21.77,93.62,6.64,124.86,pomegranate
16.14,16.65,33.69,20.3,93.96,7.05,119.02,pomegranate
8.13,24.22,31.01,24.94,88.63,6.75,91.51,pomegranate
25.93,11.48,36.86,18.31,83.08,6.45,129.17,pomegranate
34.9,19.29,45.78,22.61,92.1,6.23,109.84,pomegranate
22.12,15.91,39.81,21.6,93.41,5.87,106.88,pomegranate
30.37,24.62,46.95,21.89,91.38,6.9,126.22,pomegranate
7.19,12.22,46.75,20.83,87.41,5.77,100.84,pomegranate
10.49,29.26,40.09,21.6,92.45,6.88,118.85,pomegranate
25.34,15.65,38.71,24.49,87.99,6.4,112.29,pomegranate
108.05,69.56,54.39,26.93,83.13,6.31,128.72,banana
113.73,91.43,58.76,27.98,80.43,6.35,115.58,banana
97.11,84.83,49.89,25.69,85.46,6.02,135.33,banana
83.95,78.1,50.3,29.67,81.9,6.12,87.69,banana
88.63,84.26,41.92,26.34,82.3,5.61,128.68,banana
112.44,71.0,44.51,22.83,77.17,6.31,98.39,banana
104.81,71.34,54.89,26.29,80.35,5.96,85.53,banana
88.67,88.77,52.49,29.5,81.6,6.06,78.71,banana
97.5,81.81,61.82,28.77,86.44,6.24,93.93,banana
101.37,83.65,44.47,26.63,79.48,6.64,73.39,banana
112.26,75.44,41.87,29.76,83.23,6.5,116.61,banana
120.8,85.91,49.16,28.09,85.27,5.69,94.82,banana
97.11,67.27,50.93,23.63,80.51,6.35,97.45,banana
116.97,71.78,57.25,28.75,73.44,7.08,103.64,banana
91.43,72.15,48.78,27.15,80.71,5.88,114.1,banana
96.32,68.46,49.2,22.67,81.72,5.61,107.05,banana
113.34,75.36,56.47,26.53,87.31,5.85,91.99,banana
107.07,78.95,45.05,26.44,80.12,6.54,75.59,banana
100.43,86.37,51.26,30.02,80.0,5.93,113.48,banana
101.19,79.27,53.2,26.09,77.86,5.79,124.9,banana
67.99,84.77,50.31,24.04,81.54,6.19,113.44,banana
73.68,91.56,45.67,28.77,83.26,5.65,114.51,banana
96.35,67.5,57.11,25.85,76.88,5.84,108.68,banana
99.63,85.84,42.06,25.92,79.84,6.76,102.89,banana
111.05,82.27,47.2,26.91,79.63,6.24,125.22,banana
103.8,90.31,44.31,26.57,77.4,6.13,99.22,banana
107.5,75.48,50.36,28.77,72.04,6.85,100.35,banana
79.95,83.11,50.3,27.24,84.26,6.3,109.07,banana
104.7,81.27,60.75,24.44,80.86,6.03,116.8,banana
91.76,69.79,51.04,27.96,86.26,5.49,121.92,banana
123.87,79.36,42.35,26.59,80.36,6.23,95.73,banana
115.75,74.2,39.66,29.61,71.2,5.92,151.37,banana
100.08,74.15,49.76,27.3,80.94,6.26,89.01,banana
117.08,83.72,54.46,26.14,85.45,5.9,108.76,banana
90.87,75.02,54.23,26.51,76.88,5.74,115.08,banana
93.91,81.18,50.19,23.57,74.42,6.13,93.54,banana
110.77,88.77,54.42,31.04,79.97,6.26,95.83,banana
124.72,95.89,50.17,28.17,85.74,5.94,94.75,banana
108.94,82.55,51.2,25.73,73.43,6.09,118.17,banana
97.94,92.06,45.88,25.29,80.03,5.97,116.15,banana
92.45,91.58,61.9,27.32,85.3,5.58,120.73,banana
110.67,88.04,50.01,21.49,77.73,5.75,89.93,banana
101.42,79.07,45.15,25.28,77.44,6.45,94.68,banana
95.05,78.8,52.13,28.31,68.12,6.41,126.15,banana
89.7,75.19,47.4,25.89,81.2,5.22,87.83,banana
115.59,75.5,57.56,28.11,73.06,6.25,102.83,banana
95.65,83.71,52.95,28.82,85.01,6.16,83.97,banana
95.46,102.6,54.45,32.14,85.88,6.1,109.12,banana
99.83,69.84,50.21,29.82,77.9,6.16,117.37,banana
91.1,78.84,43.99,25.76,75.15,5.64,125.89,banana
91.05,82.89,47.08,29.76,85.54,6.35,109.19,banana
97.89,73.66,61.76,25.88,82.95,6.42,96.27,banana
110.58,87.35,60.47,26.46,75.16,5.8,107.73,banana
100.78,79.25,38.64,28.34,88.19,6.19,113.74,banana
105.92,84.78,55.69,28.19,79.05,5.68,100.87,banana
103.34,79.79,51.99,28.28,83.63,6.51,105.77,banana
87.12,79.58,50.36,23.73,85.85,6.06,110.32,banana
113.86,77.59,53.54,27.18,79.56,5.69,129.58,banana
96.44,86.9,38.85,29.76,84.51,6.04,101.2,banana
104.2,98.02,39.52,28.96,76.65,5.99,100.88,banana
95.92,81.93,43.29,29.46,73.12,6.22,99.7,banana
88.49,83.42,40.76,27.48,74.61,6.18,90.73,banana
95.69,84.06,45.46,27.28,74.24,6.25,131.07,banana
128.12,82.64,54.83,23.84,86.31,6.31,97.34,banana
112.57,80.22,47.35,28.35,76.05,6.41,88.76,banana
89.7,75.63,54.66,26.17,74.91,5.76,104.12,banana
88.39,73.94,62.77,25.68,79.01,5.85,98.28,banana
106.41,88.64,48.26,24.93,85.4,5.96,130.55,banana
77.74,83.37,61.61,26.69,79.4,6.12,96.22,banana
97.08,79.64,46.34,29.86,82.14,6.1,116.73,banana
97.56,76.58,46.48,27.4,76.06,5.8,96.86,banana
121.45,62.58,49.02,30.85,80.79,6.3,106.1,banana
93.53,66.31,51.33,25.85,77.1,5.8,130.77,banana
124.25,83.52,47.31,25.05,82.17,6.71,100.89,banana
76.41,86.69,56.01,24.23,81.01,6.18,103.5,banana
92.29,89.11,47.68,24.43,72.1,6.5,113.85,banana
101.08,78.92,46.93,25.25,78.57,5.15,93.56,banana
97.09,86.27,49.86,28.99,85.7,6.42,111.66,banana
100.32,75.13,54.54,30.76,81.67,6.77,81.72,banana
88.66,87.99,51.69,30.03,80.24,5.65,101.4,banana
84.87,74.1,55.93,29.15,81.75,5.31,99.22,banana
87.95,90.24,46.6,25.23,80.42,5.74,126.86,banana
92.85,72.21,37.18,27.34,78.05,5.43,122.44,banana
106.87,81.8,58.29,28.73,77.01,5.58,116.87,banana
104.16,83.19,45.02,28.62,77.28,5.96,126.3,banana
93.59,70.99,43.78,29.39,81.32,5.95,96.96,banana
105.05,76.06,51.93,25.94,76.71,5.75,98.97,banana
99.71,83.65,27.97,25.78,78.73,6.6,88.4,banana
101.83,92.47,42.22,28.19,77.09,5.8,92.55,banana
92.88,101.05,55.17,29.6,82.27,5.36,110.52,banana
110.93,76.03,55.89,28.81,87.71,5.83,88.14,banana
96.58,92.05,39.13,23.26,80.66,5.82,104.72,banana
109.65,78.13,38.86,31.49,76.31,5.58,121.16,banana
96.36,81.56,53.0,29.57,78.97,6.61,72.56,banana
107.8,76.12,58.33,27.68,77.61,6.27,118.0,banana
106.62,74.79,47.2,27.39,80.13,6.3,74.38,banana
103.54,79.97,45.07,25.92,79.44,4.56,94.08,banana
91.44,85.73,45.27,26.97,86.47,6.4,118.13,banana
95.2,85.8,48.7,27.01,81.94,5.76,127.0,banana
98.6,86.33,58.83,29.46,74.66,6.18,117.36,banana
24.56,21.63,26.71,34.18,44.87,5.62,113.61,mango
19.86,23.57,25.61,32.2,40.87,5.65,98.7,mango
26.6,30.54,26.43,34.74,48.1,5.06,92.64,mango
27.29,28.03,30.06,36.11,40.18,5.03,75.31,mango
21.96,28.03,37.71,31.93,47.37,5.8,96.11,mango
11.74,40.75,32.6,31.83,54.51,6.23,93.01,mango
16.94,30.2,31.93,28.77,60.13,5.98,103.46,mango
27.06,27.31,31.58,33.63,45.13,5.83,96.21,mango
15.32,38.79,22.96,27.31,59.4,6.23,82.39,mango
23.14,34.54,29.85,39.0,38.13,6.22,108.7,mango
24.56,26.18,28.55,32.53,55.91,6.16,107.18,mango
15.01,26.06,25.3,30.04,57.31,5.86,125.98,mango
21.07,27.5,30.53,29.29,49.8,6.48,96.07,mango
16.13,22.57,27.75,31.42,58.56,5.0,90.86,mango
20.82,18.03,25.83,29.16,44.63,5.92,92.77,mango
17.32,29.34,38.62,36.12,36.74,6.15,92.56,mango
20.88,25.21,30.59,31.65,46.15,5.26,89.32,mango
21.27,30.19,34.27,29.72,52.19,6.38,108.69,mango
19.81,26.1,30.96,27.75,48.84,6.25,102.4,mango
18.75,28.29,25.88,33.31,49.66,5.63,90.36,mango
19.79,24.96,33.29,30.01,61.35,6.68,84.0,mango
20.45,23.95,28.37,37.21,48.05,6.02,101.2,mango
15.1,22.92,23.97,28.54,30.25,6.13,119.35,mango
20.84,20.12,26.79,29.82,43.08,6.32,104.42,mango
14.32,30.83,37.63,36.91,70.26,5.26,128.59,mango
18.33,24.24,31.64,29.45,52.99,5.01,91.83,mango
26.53,26.91,30.71,32.63,58.39,4.81,101.71,mango
18.76,28.03,35.3,27.62,43.11,4.64,88.11,mango
26.75,26.6,23.3,29.74,39.78,5.12,99.37,mango
14.23,32.76,29.64,31.46,48.25,6.26,104.1,mango
21.78,30.02,28.94,32.83,47.83,5.8,91.4,mango
17.81,23.75,32.34,35.13,58.4,5.05,110.17,mango
18.51,30.2,25.47,31.63,52.4,4.91,102.0,mango
26.83,26.33,36.8,30.63,56.15,4.47,123.73,mango
27.58,25.78,20.14,32.06,40.09,6.07,99.64,mango
15.39,32.8,34.03,34.13,50.26,4.95,106.43,mango
18.75,20.25,36.76,37.5,49.91,7.1,95.8,mango
18.2,24.05,38.19,28.86,55.35,5.46,89.18,mango
25.25,25.3,27.98,34.6,61.38,6.19,86.84,mango
17.55,27.6,31.6,28.24,55.26,5.85,74.11,mango
15.46,24.68,29.64,36.87,51.87,5.3,97.35,mango
18.34,28.82,32.9,34.83,50.03,6.78,105.6,mango
16.56,38.25,31.63,28.69,61.77,7.05,94.3,mango
17.58,26.34,33.57,35.03,54.19,5.86,112.68,mango
18.54,32.35,28.56,32.49,49.41,5.77,90.17,mango
26.82,23.54,26.3,37.56,57.04,4.37,87.92,mango
11.04,22.45,14.31,30.79,42.21,5.84,75.2,mango
20.51,25.13,37.51,35.43,55.7,5.6,118.52,mango
12.33,20.18,29.58,37.96,48.78,5.69,77.4,mango
24.83,31.97,33.95,29.31,45.25,5.02,95.71,mango
14.7,21.31,27.88,29.73,46.43,6.08,95.65,mango
18.66,28.12,25.04,31.52,51.25,4.9,106.65,mango
15.69,27.65,35.82,33.98,50.44,5.58,106.07,mango
23.47,24.11,26.03,24.98,51.28,5.75,108.33,mango
21.9,33.87,26.51,34.61,46.5,6.27,77.19,mango
21.28,17.28,28.66,32.52,46.55,5.17,104.85,mango
19.58,24.75,30.21,39.11,58.27,6.5,99.93,mango
20.93,15.22,26.61,29.76,37.08,5.11,70.93,mango
19.91,31.29,35.53,32.44,43.46,4.64,73.62,mango
13.76,22.76,29.2,28.16,52.57,5.66,94.83,mango
25.8,21.3,32.09,31.16,47.87,6.33,105.25,mango
15.37,26.29,31.41,30.38,54.3,5.97,116.69,mango
12.45,26.59,25.46,33.01,38.88,6.01,87.14,mango
16.43,19.97,27.67,34.45,50.02,6.18,114.68,mango
21.42,24.41,32.34,29.57,46.67,4.89,105.82,mango
18.17,28.11,24.82,32.51,44.87,5.71,105.23,mango
24.05,27.09,21.16,40.18,62.42,6.23,85.66,mango
19.53,24.48,36.32,31.99,44.71,5.52,108.15,mango
28.1,34.84,33.79,30.44,27.51,5.98,94.68,mango
20.8,27.47,23.37,32.87,54.63,6.21,106.06,mango
23.12,25.15,29.65,31.47,50.95,6.4,102.42,mango
30.49,38.23,30.4,19.69,58.86,5.48,85.08,mango
18.11,24.97,33.06,26.52,42.66,6.01,102.18,mango
23.31,23.26,25.11,29.68,51.88,6.69,70.13,mango
19.0,20.54,21.74,34.1,54.01,6.07,105.75,mango
17.7,25.04,40.93,30.46,55.35,5.8,72.52,mango
9.88,24.31,35.28,33.56,56.6,5.21,114.09,mango
15.28,28.26,29.95,30.68,59.57,5.38,78.5,mango
20.2,25.2,46.89,33.23,47.33,5.17,72.14,mango
14.97,27.77,37.14,34.57,51.8,5.61,97.93,mango
17.51,35.79,29.05,30.94,34.69,5.68,104.74,mango
14.76,23.45,33.96,26.77,57.6,5.48,90.04,mango
14.48,29.09,42.3,33.54,44.15,6.48,90.9,mango
26.97,31.23,15.28,28.19,56.81,5.89,82.41,mango
16.93,17.67,29.56,37.83,55.83,7.11,105.29,mango
25.24,37.07,31.89,30.64,57.43,6.67,88.94,mango
16.49,27.89,34.16,33.59,40.23,6.95,87.01,mango
18.77,22.69,43.49,31.93,44.24,6.32,103.93,mango
19.16,31.4,25.87,29.72,36.13,5.01,116.39,mango
28.31,27.53,38.31,30.72,48.5,5.83,93.2,mango
19.02,32.92,30.75,33.34,57.42,6.03,83.06,mango
13.34,27.94,29.14,31.46,50.09,7.35,78.74,mango
10.15,28.86,28.12,32.15,54.29,6.57,76.61,mango
17.32,29.34,33.85,37.78,56.89,5.77,84.01,mango
17.28,24.24,33.28,31.97,40.93,5.54,105.23,mango
21.86,30.04,31.91,36.08,51.85,5.57,83.71,mango
21.35,15.0,29.08,30.58,40.65,5.24,104.42,mango
21.25,27.71,31.53,31.48,58.9,5.87,77.2,mango
28.25,29.05,27.05,27.44,52.97,5.73,113.59,mango
18.37,23.01,34.48,33.98,51.38,6.21,94.25,mango
24.6,144.15,205.1,23.12,88.66,4.82,90.12,grapes
12.96,126.23,199.77,23.21,86.93,5.47,72.21,grapes
19.73,135.45,199.58,24.17,79.15,5.74,72.47,grapes
28.86,126.52,193.15,26.25,81.74,6.42,60.54,grapes
12.52,127.17,193.97,23.48,78.72,6.37,66.72,grapes
24.1,134.08,201.66,23.7,84.45,5.6,83.59,grapes
21.78,119.38,201.6,20.4,85.23,7.1,61.73,grapes
25.19,114.94,203.73,20.26,78.78,5.45,76.92,grapes
29.24,132.73,193.18,30.16,78.15,4.92,74.18,grapes
16.57,142.39,197.05,26.21,88.91,5.4,63.94,grapes
22.75,147.88,194.83,21.42,84.29,5.71,71.13,grapes
13.89,150.0,189.32,22.51,81.74,6.96,56.35,grapes
35.1,140.07,203.44,19.86,84.76,5.64,82.27,grapes
17.37,131.37,195.66,19.85,85.61,6.27,81.69,grapes
12.52,143.14,210.0,21.99,91.38,5.87,55.88,grapes
21.37,142.98,193.39,21.4,84.87,6.0,75.45,grapes
24.63,137.3,196.64,24.73,77.26,6.64,63.26,grapes
29.97,130.16,201.72,21.82,76.82,5.13,59.05,grapes
21.26,134.62,208.18,22.02,77.49,5.28,74.4,grapes
31.5,145.16,205.78,26.35,90.39,6.17,76.06,grapes
21.28,118.88,194.63,23.76,82.2,6.96,70.41,grapes
30.27,128.15,197.61,18.48,78.19,6.26,69.68,grapes
28.86,134.31,197.28,32.39,81.43,6.58,65.59,grapes
27.46,141.78,201.77,14.38,81.99,6.62,74.87,grapes
25.88,115.28,194.34,25.45,83.95,6.61,68.15,grapes
25.63,132.66,192.2,14.78,84.06,6.09,63.42,grapes
13.48,138.8,197.97,26.03,91.22,4.93,62.6,grapes
21.94,147.05,187.01,31.54,82.58,5.95,67.62,grapes
20.58,142.98,191.55,25.18,79.98,5.62,95.46,grapes
25.71,138.63,209.2,18.11,90.66,4.75,61.91,grapes
20.45,138.32,201.85,23.13,81.84,5.51,54.63,grapes
27.56,139.44,210.0,20.64,85.36,5.86,81.5,grapes
29.33,134.61,197.38,27.64,85.13,5.66,56.32,grapes
21.47,147.65,209.27,19.35,76.06,6.64,58.24,grapes
26.26,126.34,210.0,20.72,87.62,6.09,72.12,grapes
11.38,110.47,198.34,24.79,76.27,5.46,75.21,grapes
26.58,131.12,206.34,19.1,80.12,6.82,70.28,grapes
23.96,150.0,188.91,26.99,90.22,5.84,78.2,grapes
17.31,125.63,203.18,26.99,87.5,6.78,68.93,grapes
30.36,129.08,207.32,24.63,84.13,6.21,53.55,grapes
16.46,133.53,186.6,27.12,86.26,6.16,58.39,grapes
31.48,150.0,201.28,25.84,82.91,6.27,68.4,grapes
22.99,141.56,210.0,18.2,81.38,5.41,85.52,grapes
19.67,118.07,205.21,30.78,85.22,6.1,73.69,grapes
31.69,123.76,199.21,21.99,76.06,5.84,80.68,grapes
26.6,138.94,201.27,25.89,77.9,5.85,71.52,grapes
24.87,135.7,198.99,22.29,97.69,6.45,73.73,grapes
21.8,127.99,199.05,24.97,72.5,5.22,63.23,grapes
24.44,130.11,210.0,17.87,78.14,6.76,70.91,grapes
28.51,150.0,194.55,23.4,80.54,5.02,66.5,grapes
28.49,137.91,205.05,22.3,78.62,6.63,64.63,grapes
24.96,134.13,210.0,27.69,75.42,5.41,75.39,grapes
22.81,127.95,208.23,24.55,82.16,6.39,65.85,grapes
32.61,124.62,205.36,29.54,75.01,5.83,81.02,grapes
30.14,130.79,194.22,27.62,87.82,5.42,57.56,grapes
24.55,138.79,197.71,26.52,78.35,4.94,65.36,grapes
23.58,129.74,190.83,16.54,79.33,6.45,82.16,grapes
30.33,124.34,190.87,25.79,85.08,6.2,49.46,grapes
18.0,132.2,204.0,26.87,82.62,6.17,70.45,grapes
27.31,135.63,200.63,22.73,82.31,6.24,72.27,grapes
25.48,145.93,202.22,21.2,86.32,5.32,58.79,grapes
25.22,137.66,190.14,22.27,78.87,5.76,79.04,grapes
27.44,132.31,195.73,18.4,89.0,6.3,62.53,grapes
27.52,131.8,197.8,25.54,78.19,5.83,70.81,grapes
20.2,139.19,210.0,20.78,73.57,5.0,68.1,grapes
19.22,134.58,201.16,17.39,72.83,6.15,70.95,grapes
20.65,115.93,203.87,28.89,83.29,5.58,70.05,grapes
15.0,143.08,200.75,16.73,80.4,6.23,66.27,grapes
21.54,120.26,204.63,21.21,71.12,5.81,79.41,grapes
20.88,149.88,203.53,25.16,81.26,5.97,66.97,grapes
21.39,137.81,192.61,19.5,76.28,7.02,74.9,grapes
25.03,121.92,205.09,23.33,82.97,5.51,71.2,grapes
20.66,124.84,205.97,17.65,84.72,6.34,60.8,grapes
18.28,130.27,202.36,23.19,84.07,6.88,64.52,grapes
12.91,140.76,210.0,25.37,76.46,5.94,58.41,grapes
27.06,118.99,197.7,19.78,82.53,5.82,71.37,grapes
23.33,122.63,205.12,23.6,76.96,7.12,74.36,grapes
22.28,146.65,210.0,23.22,83.64,5.51,68.13,grapes
22.01,134.35,202.76,26.04,83.09,5.39,60.22,grapes
19.92,129.68,208.51,19.15,80.11,6.48,66.6,grapes
25.96,131.1,202.15,22.89,85.24,5.23,65.97,grapes
24.98,137.84,210.0,22.24,89.3,5.67,82.89,grapes
28.1,123.37,202.56,23.6,85.03,5.89,66.53,grapes
31.41,131.51,206.71,22.9,90.23,5.66,63.46,grapes
32.35,128.05,210.0,27.37,81.13,5.09,69.41,grapes
23.81,144.17,210.0,21.06,85.91,6.38,80.33,grapes
26.19,113.08,198.86,19.18,80.89,6.49,72.65,grapes
30.09,135.92,189.71,13.72,82.64,5.89,59.83,grapes
13.0,125.15,198.54,26.46,82.84,6.8,59.24,grapes
28.49,132.97,205.66,22.05,87.26,6.15,62.81,grapes
23.13,130.1,204.01,19.08,81.75,6.2,69.93,grapes
31.28,140.24,200.04,24.67,83.38,6.2,51.34,grapes
21.39,117.66,210.0,23.56,80.93,6.45,73.82,grapes
16.43,131.79,197.42,16.82,78.45,5.91,68.45,grapes
14.31,144.02,199.28,23.95,83.9,5.61,74.16,grapes
21.0,123.53,204.69,29.77,85.52,6.46,64.39,grapes
13.61,147.4,210.0,29.97,80.22,5.42,58.94,grapes
13.1,131.43,210.0,23.23,83.41,6.69,65.56,grapes
35.41,150.0,199.05,21.49,85.39,5.83,58.03,grapes
30.89,144.66,201.34,18.75,75.75,6.05,64.6,grapes
95.99,21.09,53.77,29.05,81.24,6.36,56.87,watermelon
103.88,23.13,52.2,30.22,87.36,6.92,48.21,watermelon
99.54,20.64,58.16,27.42,84.87,7.05,33.26,watermelon
85.18,19.73,50.17,27.11,85.46,6.73,44.28,watermelon
105.1,20.98,56.2,30.63,86.18,6.61,38.61,watermelon
94.09,16.23,55.35,24.07,88.39,6.5,49.38,watermelon
101.89,15.44,47.95,21.34,84.21,6.31,46.67,watermelon
103.57,19.63,51.26,28.09,87.5,6.38,47.1,watermelon
102.53,19.3,57.09,28.58,83.03,6.46,56.17,watermelon
110.08,20.76,49.78,22.46,81.2,6.61,53.54,watermelon
88.41,17.18,53.26,22.72,89.62,6.35,60.86,watermelon
94.07,12.89,47.81,25.36,83.65,6.41,53.47,watermelon
97.69,16.74,41.55,26.58,84.84,7.14,43.28,watermelon
81.32,19.47,51.83,23.08,79.08,7.11,62.11,watermelon
74.53,15.17,58.42,24.41,83.24,6.39,41.83,watermelon
82.35,21.21,40.89,26.22,88.75,5.92,43.41,watermelon
111.53,19.13,47.01,28.61,90.03,6.61,43.6,watermelon
95.27,18.15,49.16,27.95,79.08,5.9,52.25,watermelon
94.48,14.49,41.26,25.65,84.99,6.76,51.35,watermelon
98.07,21.71,43.54,26.94,78.52,6.16,41.1,watermelon
107.22,16.74,50.03,22.83,84.0,6.19,53.87,watermelon
89.49,22.32,41.72,23.58,91.91,6.33,40.28,watermelon
101.59,15.1,45.92,22.86,96.27,6.4,35.4,watermelon
114.34,19.44,46.27,23.27,87.89,6.4,35.39,watermelon
117.27,15.26,57.58,28.8,81.2,6.91,45.59,watermelon
80.73,15.3,52.09,24.44,83.97,6.96,51.65,watermelon
90.97,19.81,51.09,19.3,86.91,6.66,50.96,watermelon
108.32,14.31,51.78,21.68,86.83,7.28,42.84,watermelon
91.8,14.16,50.75,22.94,86.88,6.84,55.07,watermelon
81.72,20.98,54.79,27.68,86.69,6.59,59.06,watermelon
118.64,13.19,55.49,25.38,84.68,5.89,48.52,watermelon
89.43,15.14,44.61,24.48,83.58,6.54,37.88,watermelon
84.94,18.45,46.11,28.29,86.1,6.74,62.09,watermelon
96.3,14.7,54.46,26.87,84.45,7.06,49.1,watermelon
99.73,17.08,45.43,25.79,90.79,6.68,51.05,watermelon
97.78,18.32,53.85,27.12,83.87,6.63,54.64,watermelon
89.33,17.67,39.29,26.81,87.84,6.8,47.64,watermelon
102.49,22.7,57.17,25.53,85.76,6.94,38.79,watermelon
96.17,22.34,54.98,26.52,79.18,6.48,46.08,watermelon
102.71,13.76,44.97,20.44,90.09,6.34,52.06,watermelon
99.38,12.73,43.8,23.09,82.31,6.65,44.43,watermelon
116.86,21.11,54.14,25.3,91.26,6.41,50.55,watermelon
101.1,19.81,53.28,24.41,83.07,6.76,56.52,watermelon
95.47,10.65,49.06,27.16,92.42,6.02,47.39,watermelon
95.51,22.42,49.93,23.33,87.43,6.34,41.0,watermelon
90.47,23.94,52.02,25.87,84.2,6.62,53.04,watermelon
102.32,17.46,54.44,25.66,81.29,6.26,34.97,watermelon
119.67,20.45,45.95,24.9,82.65,7.12,39.44,watermelon
100.54,16.57,54.23,25.34,78.17,6.4,43.02,watermelon
100.2,22.74,41.4,23.6,82.99,6.35,56.72,watermelon
97.66,18.66,46.97,26.17,88.31,6.21,57.05,watermelon
99.92,21.18,49.09,26.55,85.04,6.46,52.87,watermelon
104.77,12.0,57.27,20.95,82.46,6.46,54.1,watermelon
115.16,9.57,47.56,20.28,85.33,6.61,63.53,watermelon
100.61,21.18,53.02,24.51,79.56,6.61,38.86,watermelon
112.35,16.35,56.08,24.4,86.28,6.58,50.44,watermelon
95.07,18.57,45.47,22.58,90.17,6.79,51.33,watermelon
116.05,15.93,56.71,26.04,81.1,7.24,58.73,watermelon
98.19,19.91,48.08,27.67,75.64,6.09,58.63,watermelon
96.9,17.83,43.37,30.22,89.96,6.42,47.56,watermelon
109.7,24.93,54.87,31.03,81.51,6.17,41.29,watermelon
103.82,17.7,49.34,27.62,90.13,5.89,46.02,watermelon
107.6,15.13,46.11,28.15,80.04,6.38,53.43,watermelon
93.66,20.13,47.26,29.12,84.7,6.77,56.77,watermelon
93.12,8.79,51.9,25.78,87.42,6.41,47.36,watermelon
119.48,11.11,53.77,24.16,83.86,6.37,44.37,watermelon
105.11,22.56,52.45,25.86,81.25,6.71,68.05,watermelon
95.59,15.5,47.29,24.38,74.22,6.66,44.04,watermelon
83.3,20.01,44.69,24.75,91.07,5.94,38.54,watermelon
102.09,21.6,42.23,26.62,87.52,5.68,57.19,watermelon
108.17,15.75,56.36,28.44,85.61,6.32,43.02,watermelon
99.02,19.28,48.48,20.11,90.27,6.58,47.76,watermelon
107.97,23.1,36.09,26.69,79.49,6.7,51.82,watermelon
105.76,15.0,40.73,24.47,86.83,6.91,41.43,watermelon
109.67,14.41,51.91,24.33,85.93,6.86,40.98,watermelon
92.6,17.74,62.11,23.44,93.36,7.3,50.02,watermelon
96.42,14.23,49.76,22.08,84.9,7.1,45.91,watermelon
96.99,10.2,51.97,26.26,85.45,6.41,48.46,watermelon
104.42,16.88,51.67,26.14,89.69,6.77,52.34,watermelon
114.58,18.68,56.62,27.12,77.83,7.02,51.88,watermelon
98.88,18.13,48.38,26.17,82.83,7.01,49.89,watermelon
95.57,13.3,51.44,26.07,86.75,6.09,37.99,watermelon
105.66,22.94,44.97,29.57,86.34,6.5,47.62,watermelon
85.55,20.95,46.22,23.65,89.17,5.75,38.61,watermelon
99.22,18.17,52.52,24.85,95.32,6.41,48.95,watermelon
91.43,17.5,53.17,28.61,79.24,6.4,54.37,watermelon
105.27,17.03,52.81,23.58,91.43,6.9,40.04,watermelon
88.65,12.81,53.49,22.39,83.88,6.68,50.27,watermelon
101.99,12.74,53.07,24.07,83.9,6.6,51.62,watermelon
99.64,14.0,48.6,25.61,79.7,6.31,53.9,watermelon
86.63,21.63,56.45,22.49,90.63,6.44,54.15,watermelon
94.43,20.69,52.13,23.56,80.54,5.92,52.3,watermelon
105.12,19.6,49.51,22.71,82.47,6.96,46.92,watermelon
100.83,12.7,51.78,24.46,89.39,6.81,46.83,watermelon
98.13,14.8,43.0,23.46,85.99,6.63,51.99,watermelon
96.38,20.73,50.42,27.36,78.1,4.93,53.07,watermelon
85.15,16.15,48.59,29.57,86.8,6.57,57.5,watermelon
103.08,15.17,55.46,22.83,86.49,5.88,52.43,watermelon
101.33,23.71,42.28,24.1,88.49,6.63,52.24,watermelon
89.84,14.64,56.33,25.47,86.7,6.45,41.34,watermelon
109.64,19.71,61.63,26.57,94.77,6.01,25.33,muskmelon
110.07,9.41,49.08,27.47,90.19,6.52,29.18,muskmelon
98.97,18.52,50.67,28.6,89.03,6.73,25.88,muskmelon
104.25,14.47,47.8,28.25,87.7,5.89,22.3,muskmelon
105.53,15.09,45.01,26.97,90.93,6.29,33.36,muskmelon
110.85,21.8,55.94,26.6,88.63,6.07,30.04,muskmelon
94.83,12.69,47.95,28.12,93.11,6.48,21.39,muskmelon
107.16,15.14,49.32,29.97,90.37,6.23,27.07,muskmelon
91.72,16.16,52.88,32.71,94.12,6.54,26.82,muskmelon
89.57,18.16,49.95,29.24,92.65,6.51,23.45,muskmelon
100.89,12.79,48.5,31.38,93.26,6.39,32.28,muskmelon
86.69,13.26,58.66,28.69,91.57,6.04,26.49,muskmelon
105.74,13.32,49.4,27.93,93.07,6.06,29.71,muskmelon
109.46,16.25,49.02,28.33,89.97,6.27,23.62,muskmelon
116.43,21.49,54.77,29.34,88.95,6.39,28.58,muskmelon
87.72,20.25,61.71,30.72,96.54,6.47,28.57,muskmelon
93.12,20.88,53.37,29.18,96.25,6.24,23.95,muskmelon
101.25,13.58,51.23,25.16,95.44,6.41,22.62,muskmelon
91.96,16.76,53.54,29.7,90.18,6.15,27.33,muskmelon
93.08,17.94,50.72,29.22,94.87,6.02,17.06,muskmelon
94.63,24.91,60.21,32.26,91.72,5.87,15.33,muskmelon
94.16,16.91,56.6,30.34,92.98,6.13,20.86,muskmelon
102.84,20.49,52.06,26.53,94.25,6.53,20.42,muskmelon
92.46,20.45,48.93,31.78,93.8,6.25,24.66,muskmelon
100.93,14.79,45.54,30.0,94.84,6.58,30.76,muskmelon
94.88,24.4,45.6,26.57,87.02,6.27,22.69,muskmelon
105.56,18.68,44.14,27.81,91.19,5.87,20.78,muskmelon
92.59,23.43,51.06,29.92,87.8,6.76,29.9,muskmelon
80.32,14.88,52.58,29.89,90.26,6.31,22.31,muskmelon
101.4,22.49,46.24,30.6,89.95,6.15,27.97,muskmelon
109.52,21.11,43.52,27.67,94.77,6.41,20.41,muskmelon
104.88,14.84,59.07,31.69,94.11,6.81,24.96,muskmelon
107.95,23.61,51.33,28.09,87.19,6.38,27.99,muskmelon
109.76,19.72,47.39,24.65,90.81,6.31,23.45,muskmelon
106.49,25.64,50.72,28.17,91.52,6.44,21.39,muskmelon
101.5,19.5,51.15,29.52,93.6,5.87,27.25,muskmelon
93.59,13.32,44.58,29.47,91.63,5.9,26.61,muskmelon
85.9,18.26,51.29,30.37,97.65,5.99,24.49,muskmelon
97.54,19.43,51.18,27.89,90.98,6.07,28.65,muskmelon
104.89,21.37,48.55,27.29,89.07,6.51,20.54,muskmelon
118.79,12.47,51.47,31.73,94.1,6.45,20.83,muskmelon
86.48,20.78,57.63,27.72,88.88,5.66,20.78,muskmelon
99.16,24.1,53.47,29.21,91.1,6.23,30.32,muskmelon
102.31,9.29,46.73,26.88,90.66,6.57,24.27,muskmelon
99.53,22.95,46.62,32.33,90.29,6.43,23.58,muskmelon
101.53,19.48,52.27,27.09,88.93,7.15,22.76,muskmelon
107.29,11.27,48.7,28.35,93.72,5.58,25.36,muskmelon
88.8,19.0,44.92,26.89,91.48,6.08,22.8,muskmelon
88.37,10.37,55.19,26.01,91.76,6.63,22.24,muskmelon
92.05,18.6,55.69,26.26,91.85,5.88,23.13,muskmelon
100.64,14.28,47.82,25.78,92.53,6.72,20.31,muskmelon
94.07,19.71,56.16,25.61,91.79,6.48,24.29,muskmelon
75.53,19.7,57.7,28.83,89.21,6.25,31.78,muskmelon
109.4,20.26,51.88,27.28,91.7,6.38,26.9,muskmelon
115.39,22.17,43.0,29.05,94.51,6.59,22.18,muskmelon
129.44,12.59,44.68,29.07,98.65,6.15,23.64,muskmelon
111.07,17.63,48.43,29.73,93.12,6.71,29.87,muskmelon
103.37,18.87,51.17,29.58,92.47,6.4,29.49,muskmelon
115.46,11.67,50.15,27.22,91.37,6.52,27.38,muskmelon
99.18,10.05,45.27,30.39,84.08,6.76,26.78,muskmelon
113.46,16.91,39.79,29.46,96.12,6.68,22.05,muskmelon
101.17,15.57,46.0,30.51,88.71,6.13,20.28,muskmelon
85.4,18.29,55.91,28.23,87.78,6.65,31.44,muskmelon
93.84,15.79,52.68,31.84,90.74,6.0,27.23,muskmelon
108.29,17.72,47.31,30.59,93.88,6.17,24.9,muskmelon
86.78,20.44,48.79,27.73,92.2,6.41,28.28,muskmelon
106.21,17.07,53.92,29.4,91.02,6.36,24.11,muskmelon
105.35,16.23,48.15,32.54,95.12,6.17,26.98,muskmelon
101.48,19.27,50.79,30.98,93.34,6.38,28.87,muskmelon
102.63,18.19,51.67,28.41,92.33,6.22,21.7,muskmelon
90.31,12.13,45.7,28.25,92.61,6.32,15.28,muskmelon
116.05,22.05,52.33,32.41,89.37,6.97,20.84,muskmelon
102.69,12.6,50.17,29.37,91.84,6.61,25.1,muskmelon
95.08,15.43,54.15,27.29,95.05,6.77,18.03,muskmelon
111.63,25.94,51.36,29.8,95.41,6.32,25.43,muskmelon
87.16,18.25,52.59,29.63,95.5,6.17,22.57,muskmelon
119.26,17.1,51.1,28.47,89.83,6.89,22.59,muskmelon
89.03,15.9,40.09,27.3,89.4,6.59,22.01,muskmelon
109.18,23.29,54.01,28.17,92.72,5.94,24.16,muskmelon
91.7,20.48,62.96,29.6,86.33,6.29,25.19,muskmelon
101.17,14.78,51.33,26.11,89.47,6.59,20.64,muskmelon
105.68,12.22,58.92,27.05,91.63,6.5,22.44,muskmelon
101.73,20.0,54.9,30.18,91.78,6.36,34.1,muskmelon
109.8,14.01,50.6,27.93,91.89,6.03,23.05,muskmelon
118.42,20.02,37.64,31.03,95.57,6.29,27.57,muskmelon
91.71,15.82,57.59,28.06,86.69,6.38,24.39,muskmelon
112.28,17.76,47.99,30.69,92.66,6.17,29.32,muskmelon
102.24,17.71,50.99,26.46,90.72,6.4,23.92,muskmelon
113.02,18.57,54.37,28.62,95.47,6.52,24.75,muskmelon
100.17,13.88,52.63,28.52,90.79,6.73,19.7,muskmelon
96.08,21.81,51.68,28.5,93.05,6.45,18.63,muskmelon
96.81,24.17,46.8,27.96,90.68,6.37,22.37,muskmelon
105.17,18.49,53.97,26.5,91.28,6.33,26.52,muskmelon
92.37,21.36,56.03,26.62,90.83,6.24,35.23,muskmelon
96.0,24.41,43.77,26.62,90.24,6.15,23.63,muskmelon
93.21,14.42,55.89,31.05,95.15,6.56,25.07,muskmelon
95.33,13.89,51.91,26.25,89.32,6.75,32.3,muskmelon
104.23,22.13,48.87,25.92,94.14,6.57,24.99,muskmelon
97.88,21.55,45.17,27.05,89.28,6.43,20.35,muskmelon
93.46,14.88,48.8,25.63,92.56,6.77,25.24,muskmelon
30.05,147.54,206.12,22.79,92.37,6.21,108.0,apple
9.5,139.12,190.85,20.19,92.3,5.86,95.76,apple
21.79,143.86,190.87,25.78,87.62,6.75,107.76,apple
21.67,115.28,199.4,23.17,92.04,5.67,101.34,apple
27.58,134.51,210.0,21.28,91.0,6.23,93.22,apple
13.52,145.17,190.52,18.05,97.91,5.34,114.91,apple
21.21,106.09,197.76,23.72,93.36,6.26,108.05,apple
25.08,127.31,188.62,19.36,87.91,6.3,94.53,apple
22.44,131.54,199.08,26.01,90.98,6.14,113.15,apple
19.89,150.0,188.37,25.82,94.27,5.71,132.25,apple
9.71,128.98,190.23,23.63,88.96,6.07,110.46,apple
17.92,138.09,197.75,19.88,100.0,5.71,86.09,apple
15.75,121.53,206.51,23.4,93.5,5.75,109.35,apple
18.57,133.39,206.58,23.44,93.8,6.1,123.31,apple
22.53,137.79,209.41,20.94,89.73,5.43,114.89,apple
9.68,138.82,199.03,25.44,90.28,5.82,126.17,apple
29.1,127.4,201.35,23.34,93.42,5.79,128.08,apple
9.46,129.99,203.48,23.74,96.36,6.38,109.27,apple
28.6,127.06,207.35,27.13,95.94,5.94,108.72,apple
11.63,137.31,190.98,20.62,88.73,5.72,112.36,apple
22.44,128.19,208.45,22.08,89.94,5.99,136.26,apple
22.81,130.57,187.68,22.05,93.0,5.74,92.72,apple
15.7,148.75,210.0,20.38,94.32,5.43,129.55,apple
22.27,143.7,186.18,24.29,92.28,6.24,123.68,apple
21.19,128.19,206.14,22.45,89.68,5.53,94.97,apple
17.74,145.23,201.32,21.28,94.71,5.57,113.84,apple
19.72,141.99,187.28,20.47,87.39,5.8,127.24,apple
17.77,129.09,206.87,25.27,92.03,6.17,99.78,apple
29.07,150.0,204.07,17.39,90.63,6.15,107.64,apple
28.43,140.08,194.25,22.68,89.62,5.83,106.04,apple
27.85,150.0,188.45,17.79,91.56,5.29,113.25,apple
25.29,149.14,201.51,22.12,86.36,5.91,113.56,apple
24.63,127.12,196.42,18.9,85.43,5.46,93.86,apple
22.82,129.02,195.59,20.14,82.6,6.5,100.7,apple
18.33,119.65,207.68,22.96,89.82,5.74,132.84,apple
20.36,132.38,192.37,17.86,91.82,6.03,125.9,apple
7.31,122.95,195.25,22.59,91.86,5.85,117.6,apple
15.38,143.54,203.37,21.8,97.1,6.52,123.89,apple
2.69,149.99,206.26,27.62,96.01,6.53,123.24,apple
28.89,150.0,201.63,18.67,91.38,6.06,113.6,apple
13.32,117.89,193.97,24.62,97.04,6.27,125.39,apple
20.32,116.78,196.26,21.95,90.81,5.92,118.0,apple
25.92,131.42,184.67,21.39,92.43,6.39,105.89,apple
23.88,137.1,200.25,24.93,90.32,5.67,112.56,apple
16.96,139.28,194.19,23.17,92.0,5.99,107.18,apple
18.77,135.16,201.52,22.59,97.42,5.5,111.93,apple
11.36,137.92,190.98,21.9,91.18,6.01,106.07,apple
17.23,148.56,202.18,21.2,91.55,6.56,109.88,apple
16.66,127.35,195.51,21.11,88.46,5.45,102.75,apple
24.35,130.39,198.24,25.78,96.19,5.79,105.13,apple
15.61,141.13,198.26,21.63,89.86,5.59,116.54,apple
12.91,144.15,195.63,22.23,88.29,5.9,108.76,apple
20.5,148.92,201.32,20.61,90.17,6.14,128.28,apple
22.49,141.09,204.78,26.15,86.45,6.17,124.5,apple
12.77,125.34,193.09,20.78,90.85,6.0,123.09,apple
27.29,125.82,193.14,25.89,94.24,5.93,118.38,apple
20.62,139.45,197.21,23.27,87.77,5.62,104.58,apple
18.55,124.93,195.63,18.81,93.95,5.87,92.24,apple
15.79,137.57,195.56,20.86,92.08,6.04,95.46,apple
24.1,126.2,199.76,22.51,90.72,5.49,109.27,apple
30.55,120.58,210.0,21.95,92.41,5.47,103.44,apple
17.78,123.74,198.23,21.58,97.85,5.43,113.93,apple
22.29,123.5,205.39,21.6,84.82,6.16,99.3,apple
14.51,141.08,197.12,24.89,95.93,5.64,122.22,apple
16.27,150.0,194.36,25.17,94.83,6.03,104.65,apple
19.89,112.66,201.7,23.47,92.7,4.71,97.51,apple
16.31,137.12,202.21,22.17,94.21,5.49,120.02,apple
23.65,137.98,198.44,27.18,93.78,5.51,115.68,apple
25.31,128.32,208.61,23.56,85.27,6.02,107.83,apple
24.02,143.64,201.46,26.76,91.76,6.15,122.36,apple
20.22,141.99,195.14,21.54,88.36,6.0,116.6,apple
27.88,142.11,197.62,19.65,93.6,6.34,121.76,apple
27.31,132.08,196.17,20.76,92.13,5.87,115.18,apple
20.02,132.86,193.69,24.95,92.53,5.83,103.73,apple
12.81,147.28,204.34,18.54,94.59,6.27,114.19,apple
30.39,136.37,188.57,23.51,93.03,5.66,119.58,apple
10.79,144.11,192.88,20.14,91.96,6.07,114.67,apple
16.34,129.14,190.84,22.04,95.53,5.9,123.01,apple
29.53,128.32,198.41,28.03,96.63,5.23,117.35,apple
20.8,142.46,193.94,20.5,90.27,5.67,122.48,apple
13.71,127.97,185.59,25.12,96.11,5.77,109.12,apple
23.52,148.94,203.17,20.86,87.44,5.45,113.58,apple
16.87,136.15,195.48,19.95,88.77,6.52,123.37,apple
31.18,139.6,196.46,25.91,92.2,5.99,112.19,apple
3.12,150.0,203.83,23.42,92.11,5.97,105.53,apple
24.5,121.13,201.39,24.0,91.7,6.05,100.8,apple
15.01,136.57,205.33,17.91,93.87,5.68,110.39,apple
12.76,125.68,207.63,22.68,91.15,5.85,118.57,apple
23.44,133.45,208.64,25.03,93.54,5.92,120.59,apple
22.69,144.81,207.1,20.05,89.04,5.62,124.41,apple
11.34,138.15,202.8,25.51,92.84,5.36,101.19,apple
13.71,128.82,198.44,19.69,96.71,5.37,128.85,apple
27.91,143.18,194.35,23.46,88.47,6.26,111.81,apple
18.34,121.96,180.08,20.0,95.64,5.74,110.67,apple
24.73,150.0,210.0,20.17,86.47,6.84,139.93,apple
21.93,121.5,207.61,22.33,91.96,6.26,116.71,apple
13.69,130.95,205.19,23.88,93.09,6.27,108.36,apple
21.87,100.44,196.3,24.51,91.13,5.71,100.2,apple
26.82,139.68,206.5,18.28,91.82,5.79,109.33,apple
17.1,130.74,206.7,17.82,97.63,6.09,112.19,apple
25.04,10.79,8.01,22.44,96.3,6.98,115.8,orange
16.06,18.55,15.03,25.79,91.96,7.27,117.33,orange
22.64,21.05,13.31,22.42,94.13,6.85,99.32,orange
17.98,16.29,5.02,25.38,83.9,8.09,128.42,orange
18.03,16.64,10.91,21.03,92.78,6.94,109.27,orange
20.69,11.35,10.12,23.29,92.59,6.91,124.05,orange
17.48,17.51,13.89,22.56,92.84,6.96,125.25,orange
18.05,21.73,9.69,20.22,94.24,6.88,117.85,orange
3.22,16.62,8.62,19.61,90.54,6.77,109.82,orange
11.4,17.87,14.1,23.64,94.63,7.44,125.24,orange
30.82,14.6,7.84,25.15,94.32,7.31,133.07,orange
19.67,18.3,7.06,29.21,91.19,6.88,106.24,orange
15.73,13.68,8.43,18.7,89.84,7.78,119.23,orange
25.16,21.31,15.5,17.49,88.51,6.68,104.76,orange
17.8,14.81,10.66,22.91,90.03,6.13,98.49,orange
16.3,15.61,6.61,21.33,88.81,6.95,97.52,orange
14.51,11.37,9.54,20.2,94.92,7.16,109.56,orange
14.82,18.12,12.07,23.23,97.01,7.18,121.36,orange
20.4,19.3,7.61,21.42,93.25,7.14,116.49,orange
26.2,10.9,7.08,23.49,90.03,8.35,116.59,orange
19.13,14.54,8.56,22.89,92.54,6.82,107.12,orange
27.67,22.14,10.76,18.78,93.82,7.62,126.84,orange
24.01,22.29,10.16,24.68,90.16,7.12,126.35,orange
16.06,13.15,10.29,22.12,94.15,6.82,131.02,orange
11.86,21.61,7.71,17.41,92.91,6.9,97.08,orange
9.51,16.57,12.93,24.55,92.37,7.19,110.07,orange
11.02,10.92,9.39,22.32,94.75,7.3,117.66,orange
17.92,11.08,11.24,24.38,85.03,6.67,102.11,orange
20.31,13.39,9.89,22.17,91.72,6.71,102.73,orange
13.12,18.12,11.71,20.49,96.76,6.87,128.76,orange
15.75,8.49,11.21,23.55,92.3,6.74,109.99,orange
16.53,15.39,12.52,23.35,94.03,6.91,106.3,orange
12.68,15.12,5.0,21.03,91.95,7.23,107.18,orange
21.69,7.88,9.83,17.76,88.58,6.93,125.72,orange
21.83,16.67,9.94,20.66,90.57,7.17,93.78,orange
23.16,15.05,12.48,25.68,87.18,6.77,100.13,orange
8.72,12.47,17.32,24.63,97.95,7.33,101.5,orange
17.31,18.95,11.31,21.07,87.67,8.32,108.71,orange
17.65,17.05,9.27,23.17,96.06,6.95,96.45,orange
18.63,14.74,14.27,26.31,92.52,6.49,95.69,orange
19.69,17.95,8.88,21.36,90.42,6.99,81.81,orange
12.99,14.09,13.62,20.36,92.74,7.09,125.97,orange
27.18,16.37,8.57,20.81,91.48,6.83,117.04,orange
22.12,18.97,13.78,28.39,92.57,7.44,106.18,orange
26.71,20.85,13.03,23.08,90.19,6.44,109.92,orange
28.8,15.36,12.36,25.33,91.35,7.53,75.5,orange
12.26,12.94,7.54,23.81,93.07,7.16,117.55,orange
13.9,11.73,11.19,20.91,87.49,7.39,127.14,orange
28.94,17.35,11.88,26.91,90.28,7.44,113.7,orange
25.08,17.34,13.89,23.47,87.75,7.58,99.03,orange
27.12,16.24,13.53,26.2,93.49,7.2,115.47,orange
7.52,17.07,6.65,23.31,88.77,6.53,129.66,orange
26.02,16.58,10.55,22.06,93.91,6.73,122.32,orange
18.08,14.92,10.07,21.03,93.19,6.79,116.02,orange
26.9,13.72,9.61,24.18,90.89,7.19,117.06,orange
26.1,14.18,7.17,21.88,89.3,7.23,96.46,orange
33.6,21.78,10.04,25.4,87.29,8.01,103.32,orange
18.88,9.18,11.46,19.48,92.5,6.78,97.47,orange
14.77,17.5,6.16,20.55,94.19,8.04,116.13,orange
14.1,15.13,10.09,21.75,94.91,7.09,121.29,orange
17.71,21.9,9.5,19.89,98.73,6.27,101.54,orange
15.84,26.63,15.42,27.28,91.21,7.97,114.82,orange
25.46,17.32,9.85,22.04,91.57,7.24,114.81,orange
19.41,22.64,5.0,24.33,94.35,7.46,109.62,orange
20.85,20.54,14.47,21.9,93.0,7.67,84.91,orange
15.46,22.46,13.28,24.37,90.85,6.65,103.31,orange
28.89,14.09,10.3,20.54,94.73,6.78,109.23,orange
9.5,10.15,10.02,18.82,98.52,6.18,100.8,orange
19.7,15.14,6.69,19.93,89.23,6.89,133.82,orange
20.07,21.33,11.52,26.14,83.8,6.88,126.09,orange
16.17,23.65,14.45,21.39,90.69,6.59,102.84,orange
12.2,18.32,5.63,24.61,94.08,6.34,129.0,orange
22.68,19.6,7.72,24.67,95.58,6.96,134.42,orange
19.86,21.16,10.88,24.56,87.19,7.15,101.58,orange
14.52,23.58,9.36,19.79,91.12,6.48,127.61,orange
15.43,18.72,14.07,21.3,93.8,6.59,139.75,orange
25.22,15.83,7.68,22.46,91.18,7.78,95.69,orange
20.41,16.53,9.65,22.47,91.85,7.35,117.71,orange
22.11,5.0,10.9,17.83,94.14,7.59,99.29,orange
18.03,14.2,13.71,23.09,97.38,7.17,113.31,orange
20.01,19.87,5.0,23.06,91.99,7.29,108.15,orange
13.37,16.63,6.75,17.02,94.38,7.23,116.01,orange
27.42,13.94,5.71,22.59,91.16,6.66,109.44,orange
15.93,9.26,8.68,19.39,92.89,6.74,123.74,orange
29.22,19.32,5.35,27.32,96.93,7.01,126.28,orange
16.29,9.14,7.72,27.99,87.73,7.0,110.81,orange
16.52,14.83,10.22,21.11,87.93,7.09,123.28,orange
24.82,13.36,6.25,21.95,96.9,7.26,118.85,orange
24.94,18.28,10.36,24.79,90.56,6.43,119.08,orange
27.03,12.13,12.47,27.84,92.19,6.67,111.88,orange
16.3,14.13,11.3,17.99,87.87,7.01,110.13,orange
21.66,24.1,10.31,24.59,89.27,7.31,104.08,orange
20.03,16.16,13.1,18.87,85.35,6.91,116.02,orange
20.51,21.53,11.31,21.11,85.22,6.91,122.74,orange
17.25,16.71,11.26,19.75,94.07,7.65,108.33,orange
12.83,16.33,5.0,23.81,93.56,7.67,108.07,orange
22.05,13.15,8.93,18.22,91.62,6.88,113.99,orange
15.86,16.93,9.0,21.81,92.44,7.02,119.53,orange
18.88,15.2,9.46,20.66,91.12,7.81,99.45,orange
17.93,15.05,9.26,21.81,93.04,6.32,122.85,orange
54.96,50.4,38.65,30.77,91.67,7.73,153.47,papaya
35.44,54.27,49.73,34.46,88.46,6.65,128.25,papaya
41.07,60.92,53.87,36.22,94.12,6.5,156.89,papaya
52.37,60.04,46.94,32.21,92.62,7.68,148.62,papaya
45.01,53.27,47.54,40.23,91.2,7.06,135.08,papaya
51.99,64.64,47.14,31.78,97.38,7.09,158.41,papaya
56.2,62.32,60.09,33.83,94.13,6.12,126.1,papaya
40.29,68.02,37.24,32.49,83.42,6.37,132.78,papaya
60.98,61.88,45.83,36.9,92.45,6.72,118.55,papaya
41.98,53.32,50.23,33.93,97.03,6.85,88.45,papaya
52.0,48.95,45.17,31.26,90.41,6.15,146.67,papaya
38.61,61.6,61.18,29.71,91.55,5.69,136.58,papaya
55.04,64.14,50.39,36.37,100.0,7.38,132.15,papaya
38.29,56.26,45.27,35.05,88.86,6.67,159.36,papaya
49.09,52.48,55.87,28.06,91.42,6.68,142.92,papaya
51.34,63.37,49.82,32.6,91.18,6.46,158.35,papaya
44.73,65.03,50.09,32.14,94.26,6.41,155.36,papaya
51.6,54.93,52.64,35.34,95.87,7.09,152.43,papaya
40.88,76.24,42.98,36.55,93.69,6.23,140.11,papaya
49.27,68.24,46.43,32.91,85.39,7.39,121.19,papaya
52.52,58.39,49.51,36.13,97.41,6.8,155.7,papaya
52.53,66.22,47.69,36.93,95.73,7.13,129.4,papaya
48.55,60.78,43.15,38.48,92.36,6.81,131.06,papaya
39.28,54.87,51.1,35.72,92.89,6.84,135.86,papaya
53.87,69.48,53.52,36.13,93.28,6.1,121.71,papaya
53.54,59.02,52.2,38.73,94.58,7.2,144.49,papaya
43.44,58.69,45.98,38.37,94.77,6.91,167.32,papaya
33.74,63.22,43.45,33.68,91.46,6.96,147.16,papaya
60.66,54.89,53.55,34.19,87.49,6.33,139.6,papaya
58.8,62.35,44.16,33.28,98.45,6.74,136.05,papaya
53.83,64.44,47.72,35.21,91.41,6.99,145.99,papaya
53.76,53.79,45.89,36.54,92.16,6.81,136.47,papaya
57.09,54.85,49.32,36.06,95.92,6.49,181.79,papaya
52.41,51.8,51.85,32.55,93.7,6.68,144.09,papaya
42.61,66.03,44.22,30.37,93.5,7.34,135.55,papaya
55.51,66.61,54.07,32.77,89.13,5.82,137.34,papaya
59.32,51.23,53.5,30.85,92.72,6.98,129.41,papaya
51.26,56.19,53.53,34.41,92.57,7.32,155.85,papaya
44.38,58.5,49.62,33.94,99.97,6.85,101.88,papaya
45.56,45.57,48.35,27.74,89.79,6.09,150.28,papaya
49.9,61.22,49.48,29.52,93.94,7.47,150.78,papaya
46.49,49.1,45.46,35.06,95.62,6.8,158.6,papaya
55.56,62.65,46.71,34.22,89.85,6.71,149.22,papaya
63.33,49.93,52.41,38.14,94.68,7.03,154.35,papaya
60.29,51.49,43.07,33.68,85.92,7.19,167.01,papaya
46.43,56.5,49.64,33.86,92.78,6.92,139.15,papaya
57.45,62.22,46.97,37.71,88.33,6.66,161.94,papaya
44.12,61.27,52.72,31.12,92.18,6.64,131.57,papaya
68.31,53.76,55.02,32.52,89.14,6.74,155.58,papaya
57.26,70.04,64.73,34.45,90.41,6.88,137.28,papaya
57.31,50.02,61.84,36.27,87.35,6.42,158.92,papaya
59.31,50.19,53.57,27.86,92.13,7.14,131.57,papaya
37.84,60.12,46.98,35.59,89.74,6.39,102.18,papaya
51.26,57.97,44.06,34.28,95.48,6.61,147.96,papaya
52.09,50.67,60.28,32.29,94.37,7.01,139.81,papaya
54.75,60.82,42.91,32.7,90.56,6.52,116.52,papaya
58.91,70.31,54.89,37.51,91.37,6.45,127.03,papaya
55.05,60.69,49.61,37.59,93.61,6.36,128.98,papaya
55.36,66.39,52.76,39.39,97.31,6.88,125.83,papaya
39.42,56.39,53.77,39.18,93.65,7.17,137.69,papaya
54.88,64.86,40.1,32.46,95.25,6.81,118.67,papaya
30.46,56.54,49.64,31.05,92.83,6.9,156.01,papaya
31.05,49.9,48.48,35.42,93.87,6.89,134.93,papaya
47.28,54.0,53.84,30.94,94.95,6.78,141.7,papaya
44.65,49.61,46.76,32.71,85.29,6.62,161.09,papaya
54.44,55.63,50.23,32.03,92.85,7.32,161.97,papaya
54.07,55.65,53.75,28.64,91.64,6.93,157.41,papaya
55.26,61.16,49.02,35.31,89.54,6.36,143.83,papaya
51.29,46.32,52.28,36.02,92.17,7.65,128.94,papaya
47.01,56.33,49.62,32.71,88.18,6.48,140.65,papaya
59.73,74.52,56.68,31.37,90.31,6.64,178.29,papaya
48.58,49.81,47.49,35.97,94.47,6.62,156.27,papaya
31.71,59.83,54.3,31.2,89.89,5.95,174.4,papaya
44.14,60.79,53.02,38.24,91.94,6.48,146.06,papaya
60.17,57.91,45.23,29.08,88.74,7.05,136.19,papaya
45.04,54.09,50.43,32.98,91.58,7.24,173.36,papaya
37.02,61.39,46.12,32.96,93.33,6.61,147.21,papaya
55.28,61.16,46.77,31.81,88.08,6.36,181.84,papaya
43.56,50.75,51.6,33.37,91.81,7.26,153.58,papaya
45.66,56.13,47.49,36.32,91.48,5.98,141.63,papaya
37.6,74.39,45.17,33.21,93.17,6.58,136.8,papaya
53.27,69.78,53.84,38.14,89.26,6.83,145.7,papaya
52.71,68.73,48.9,32.48,94.0,5.99,137.86,papaya
48.83,52.66,55.29,30.51,91.99,6.82,169.67,papaya
49.82,65.65,53.5,34.07,89.13,6.13,144.73,papaya
45.56,65.53,53.73,33.15,88.93,6.9,122.24,papaya
43.83,52.24,49.31,37.21,92.38,6.52,112.09,papaya
54.32,53.64,50.59,32.64,94.91,6.64,141.42,papaya
53.79,73.85,54.44,33.43,92.41,6.49,123.6,papaya
45.48,53.69,53.27,30.49,96.4,7.0,143.01,papaya
49.9,55.2,51.35,36.96,90.29,6.09,156.66,papaya
52.49,51.26,46.33,31.12,90.23,6.57,137.27,papaya
44.69,53.79,48.86,34.2,91.45,7.16,152.76,papaya
37.17,62.77,53.03,32.4,87.91,6.7,142.45,papaya
40.93,48.94,49.56,33.0,91.15,6.67,120.54,papaya
46.42,62.83,48.25,28.68,90.98,6.27,147.94,papaya
52.45,47.49,53.8,30.36,97.08,6.68,117.67,papaya
40.76,61.54,48.04,33.41,97.24,6.42,143.8,papaya
61.26,60.99,41.97,35.22,88.91,7.26,126.14,papaya
73.66,69.37,46.02,33.76,94.66,7.01,151.45,papaya
29.41,16.41,29.13,26.71,97.38,6.05,182.98,coconut
26.67,8.7,31.84,27.84,99.81,5.29,214.63,coconut
22.35,18.86,37.3,28.52,96.0,6.0,163.61,coconut
21.73,14.04,30.42,22.73,96.09,5.85,167.29,coconut
23.22,11.17,38.32,27.19,94.36,5.51,176.3,coconut
30.22,21.04,34.02,28.49,93.72,5.32,170.67,coconut
20.48,21.1,31.84,30.62,98.39,5.72,130.82,coconut
30.21,22.34,25.14,30.42,95.95,5.96,216.07,coconut
29.97,19.51,32.49,28.63,93.6,5.88,153.14,coconut
19.9,15.43,28.06,27.67,93.83,6.1,135.14,coconut
21.22,17.43,29.36,27.06,90.04,6.04,191.89,coconut
24.86,21.05,31.41,28.36,95.27,6.18,136.27,coconut
16.54,23.25,20.76,27.12,98.32,5.86,165.57,coconut
22.68,15.49,30.72,26.03,98.13,6.47,172.37,coconut
13.58,14.8,29.86,28.41,91.78,5.59,188.47,coconut
27.53,14.41,25.27,33.97,97.15,5.79,197.43,coconut
21.15,20.37,31.24,27.58,94.46,5.32,224.15,coconut
16.25,11.46,29.75,25.48,94.64,6.18,200.58,coconut
26.79,15.68,30.8,28.22,89.53,6.13,139.27,coconut
34.14,15.28,29.86,25.86,92.91,6.81,199.21,coconut
12.6,22.92,35.37,26.84,95.72,5.89,225.01,coconut
17.12,17.48,28.89,24.53,100.0,5.43,181.2,coconut
11.46,15.3,32.29,25.75,96.56,5.79,204.7,coconut
30.07,14.55,30.91,27.77,96.66,5.91,180.46,coconut
20.44,17.36,35.79,28.69,96.9,6.19,171.85,coconut
23.81,12.56,35.68,21.83,94.54,6.36,141.6,coconut
24.3,14.18,29.12,29.29,95.39,5.09,151.29,coconut
27.75,18.7,37.59,30.77,93.77,6.9,176.31,coconut
16.12,14.37,21.57,30.61,99.58,5.49,170.0,coconut
22.47,13.06,23.58,26.98,93.84,5.74,181.27,coconut
30.48,15.69,31.28,28.85,96.46,5.65,178.11,coconut
25.19,12.39,35.65,30.26,92.63,5.98,191.76,coconut
18.63,18.83,31.25,24.46,96.18,5.46,199.18,coconut
17.87,16.25,36.09,28.39,91.56,5.49,160.72,coconut
24.27,18.33,27.23,25.07,95.64,5.83,229.63,coconut
22.12,24.16,25.92,24.25,91.44,6.38,219.6,coconut
17.21,15.06,25.92,23.78,96.96,5.99,175.96,coconut
13.5,23.46,28.59,28.47,90.44,5.82,182.98,coconut
23.86,17.52,32.58,25.14,95.39,5.95,181.49,coconut
22.33,11.81,25.33,22.97,97.25,6.23,196.79,coconut
23.74,8.37,26.49,27.74,95.21,5.81,184.92,coconut
21.97,17.38,28.04,29.36,93.51,5.37,156.43,coconut
19.81,20.88,30.43,27.03,91.05,6.21,159.4,coconut
21.3,22.82,32.64,24.14,89.49,5.87,145.38,coconut
25.79,17.07,31.26,25.99,100.0,7.04,168.74,coconut
24.02,17.29,29.56,25.74,91.55,5.45,185.83,coconut
18.78,6.59,32.38,27.32,98.84,6.05,138.73,coconut
8.52,14.02,28.1,29.29,94.77,6.35,142.58,coconut
27.69,19.78,22.53,30.05,95.08,6.06,154.08,coconut
29.55,12.16,33.93,29.04,91.88,6.69,181.49,coconut
25.82,10.79,39.07,24.95,97.87,5.5,160.23,coconut
26.63,21.01,25.51,29.58,97.93,5.52,215.67,coconut
13.16,14.4,32.52,25.69,95.59,6.0,171.02,coconut
26.89,15.99,31.53,29.69,97.17,6.21,146.97,coconut
25.05,13.39,25.47,27.26,92.09,6.22,196.06,coconut
10.48,13.59,24.76,26.47,96.17,5.8,160.96,coconut
29.7,7.68,35.55,26.31,94.57,5.69,214.27,coconut
14.51,16.95,32.71,24.18,92.04,5.84,153.53,coconut
17.01,15.5,33.2,26.71,98.04,5.5,144.4,coconut
33.46,14.27,25.36,23.92,98.03,5.76,169.36,coconut
20.94,20.95,29.88,32.09,95.2,6.32,195.83,coconut
21.68,14.55,31.93,28.42,93.08,5.97,206.61,coconut
34.32,20.32,38.05,26.14,96.91,6.44,153.29,coconut
18.99,23.85,26.7,24.72,99.38,6.38,186.5,coconut
21.63,15.15,31.73,30.56,95.52,6.77,153.25,coconut
21.78,15.41,26.26,27.09,96.05,6.11,229.96,coconut
24.69,21.5,30.86,30.76,100.0,6.11,150.88,coconut
18.61,18.03,32.43,28.8,96.18,5.9,159.8,coconut
24.31,24.32,34.68,28.47,97.89,5.75,162.99,coconut
17.41,16.4,28.91,29.82,93.37,5.58,224.26,coconut
19.19,17.51,32.41,25.13,98.51,6.15,214.66,coconut
17.82,17.3,30.76,27.93,90.44,5.94,140.04,coconut
24.05,8.39,23.19,29.04,93.16,5.5,207.47,coconut
23.87,20.39,29.94,32.76,92.99,6.6,174.17,coconut
11.97,18.83,31.86,25.3,92.03,5.89,184.44,coconut
7.08,21.11,28.62,24.74,97.62,5.89,206.1,coconut
24.53,16.89,29.99,28.37,93.56,5.56,190.95,coconut
21.03,17.03,34.96,27.17,94.85,5.66,186.47,coconut
24.0,20.5,28.28,26.48,97.18,6.0,153.04,coconut
29.74,10.11,33.74,24.87,100.0,5.28,204.51,coconut
21.41,15.43,31.34,28.66,92.09,5.57,191.94,coconut
11.66,14.56,42.76,25.46,98.24,5.67,188.43,coconut
25.83,21.42,29.8,31.38,93.03,5.99,181.83,coconut
15.17,15.76,31.25,26.54,100.0,5.56,205.19,coconut
27.04,16.84,27.14,25.86,93.25,5.19,150.61,coconut
13.01,22.28,33.07,28.97,96.57,5.97,212.22,coconut
18.24,17.33,33.59,24.76,100.0,5.91,179.25,coconut
29.44,20.56,30.75,27.66,90.29,5.68,188.63,coconut
24.56,21.78,30.12,24.63,97.97,6.47,198.16,coconut
20.92,21.08,44.32,27.63,90.86,5.67,191.34,coconut
12.27,17.58,32.12,30.47,98.73,6.25,121.63,coconut
27.43,19.72,31.62,23.94,92.47,5.43,125.32,coconut
21.88,13.71,41.1,27.06,98.68,5.27,162.45,coconut
22.48,13.27,28.91,26.96,94.1,6.64,185.16,coconut
24.78,19.06,33.05,27.23,93.84,5.97,204.62,coconut
28.66,15.94,33.67,27.01,94.9,5.71,171.16,coconut
29.95,17.27,31.14,24.51,93.87,5.8,154.97,coconut
22.03,15.18,30.92,27.64,91.93,5.74,177.63,coconut
29.01,17.93,27.95,28.2,99.92,6.27,189.39,coconut
26.25,22.66,34.9,28.53,98.01,5.47,138.14,coconut
119.69,46.68,17.42,25.96,70.49,6.63,74.58,cotton
98.16,56.66,14.16,22.43,84.34,7.22,67.1,cotton
125.99,48.23,28.93,24.91,79.09,6.47,71.47,cotton
107.89,55.8,19.67,25.31,87.37,5.72,95.75,cotton
118.46,49.25,16.29,22.01,82.24,8.09,92.44,cotton
132.99,44.86,17.2,21.95,77.36,5.87,71.7,cotton
111.08,44.97,20.13,24.81,79.73,6.61,56.84,cotton
110.9,39.39,21.46,26.17,84.49,7.28,78.8,cotton
111.54,40.97,13.57,26.38,78.93,6.28,70.48,cotton
107.4,46.5,23.87,23.03,68.54,6.81,78.53,cotton
115.1,41.81,20.47,24.07,79.68,7.11,75.24,cotton
111.96,55.86,21.84,25.97,85.93,7.16,91.54,cotton
98.85,47.63,18.87,28.09,84.44,6.58,84.87,cotton
119.81,49.38,15.52,24.8,78.66,7.04,71.71,cotton
110.78,54.42,15.39,21.46,79.54,6.51,69.78,cotton
119.06,35.66,15.57,29.04,82.1,6.53,85.42,cotton
124.61,53.16,19.09,26.34,69.61,6.37,82.37,cotton
121.76,39.82,20.64,22.34,78.42,7.41,91.31,cotton
105.84,38.8,17.96,23.83,76.51,7.42,84.57,cotton
122.67,37.33,24.27,16.85,83.97,7.37,75.21,cotton
133.07,45.76,19.85,24.75,95.73,7.57,88.81,cotton
106.85,47.21,16.35,25.96,80.5,6.34,81.37,cotton
107.61,47.26,16.16,23.97,83.55,6.87,75.71,cotton
120.24,51.08,15.17,24.55,86.39,7.19,81.09,cotton
125.48,49.37,22.61,18.84,72.03,7.4,62.34,cotton
122.62,43.74,15.62,24.77,80.81,7.96,72.9,cotton
135.08,48.67,16.96,25.9,82.63,6.92,83.6,cotton
110.64,40.42,22.64,23.34,79.4,7.04,83.58,cotton
100.65,55.2,20.08,23.39,81.95,7.02,89.6,cotton
124.26,51.22,25.0,26.11,79.0,6.34,100.41,cotton
114.95,42.89,12.65,24.75,80.54,6.14,85.84,cotton
111.82,65.03,17.32,22.81,75.43,7.54,75.93,cotton
109.1,51.15,14.08,25.46,88.71,7.18,88.05,cotton
128.24,58.17,24.44,25.0,84.32,6.46,89.72,cotton
105.73,43.63,7.27,24.9,76.58,7.46,85.08,cotton
131.29,38.61,23.75,29.16,83.62,7.3,82.44,cotton
111.5,51.53,13.58,22.86,70.94,6.55,88.1,cotton
123.86,46.56,20.28,19.19,77.94,6.56,72.49,cotton
124.99,40.18,17.18,18.68,78.33,6.36,81.35,cotton
106.39,46.93,19.02,28.08,82.29,5.98,65.22,cotton
118.46,39.69,7.73,27.27,83.4,7.16,73.11,cotton
122.93,41.27,20.42,21.6,87.38,6.11,95.19,cotton
118.27,42.77,20.27,25.73,86.63,7.06,69.71,cotton
118.47,58.92,24.99,26.17,83.78,7.25,94.31,cotton
112.32,36.71,19.88,21.86,74.52,6.54,110.22,cotton
119.43,48.73,14.71,19.29,75.7,7.62,84.41,cotton
124.98,51.37,17.23,27.37,76.64,7.6,85.71,cotton
96.33,40.96,12.46,26.81,79.68,5.79,84.91,cotton
111.35,35.81,26.31,24.17,78.33,6.7,62.24,cotton
102.15,55.19,17.7,23.96,69.58,6.24,87.72,cotton
122.33,58.47,24.97,23.32,82.16,6.74,105.06,cotton
131.59,47.39,20.4,27.51,82.7,7.68,54.08,cotton
123.33,42.59,26.63,27.77,79.96,7.67,101.8,cotton
118.69,63.5,19.47,23.36,84.13,6.72,81.42,cotton
134.71,46.33,12.82,24.82,76.32,7.33,88.75,cotton
135.46,52.55,23.96,22.23,83.82,7.88,72.14,cotton
139.4,42.35,16.19,24.64,83.38,7.36,68.86,cotton
123.01,41.4,13.64,21.58,76.05,7.16,94.23,cotton
100.12,48.66,14.89,25.47,76.69,6.37,90.0,cotton
110.76,43.99,10.72,26.27,83.9,6.9,62.07,cotton
132.31,41.54,17.79,29.68,76.28,7.27,87.15,cotton
122.48,48.17,21.11,24.58,79.54,7.66,64.65,cotton
130.06,51.96,22.39,26.69,79.34,5.97,79.53,cotton
105.91,41.08,14.63,22.71,76.82,5.71,88.8,cotton
144.44,50.44,18.79,23.76,77.7,6.95,79.96,cotton
107.71,57.98,13.65,25.7,79.29,7.85,84.49,cotton
113.48,44.47,19.76,21.04,75.97,6.01,69.32,cotton
118.93,48.3,11.68,23.56,82.62,6.82,72.79,cotton
112.85,42.41,17.05,24.33,91.34,6.53,76.58,cotton
117.18,41.39,23.99,17.97,77.14,7.31,76.87,cotton
107.95,49.29,23.23,24.43,75.79,7.13,75.58,cotton
126.74,56.58,9.18,24.18,71.12,8.12,74.78,cotton
126.76,45.95,16.39,21.59,87.73,7.38,103.72,cotton
118.47,48.22,18.53,23.18,74.59,6.94,70.93,cotton
123.1,47.39,20.75,28.09,79.61,7.28,105.02,cotton
133.48,54.27,18.37,24.47,73.21,7.15,83.69,cotton
118.08,53.39,14.77,27.99,84.31,6.86,78.62,cotton
123.57,56.85,20.01,24.26,79.89,7.79,75.97,cotton
117.45,56.44,20.19,26.74,75.24,6.8,98.21,cotton
109.68,45.14,20.63,21.43,77.73,6.96,80.96,cotton
133.16,56.99,16.18,24.18,83.17,7.66,89.02,cotton
121.29,50.87,22.3,21.58,80.76,7.63,77.91,cotton
119.35,44.5,10.34,23.95,81.31,6.64,66.54,cotton
107.23,51.55,27.49,27.36,73.08,7.33,72.44,cotton
110.81,42.97,22.42,26.3,79.31,6.86,85.97,cotton
124.62,54.43,14.46,23.95,74.46,6.87,77.69,cotton
117.24,40.6,13.65,18.66,79.14,6.68,72.29,cotton
133.67,40.18,25.27,27.96,70.05,6.95,75.6,cotton
82.86,36.09,22.7,28.95,84.31,7.06,80.14,cotton
137.99,61.24,17.25,18.9,69.31,7.56,79.84,cotton
120.0,33.67,16.59,23.16,80.84,6.7,67.95,cotton
108.39,54.66,20.58,25.43,75.31,5.42,74.12,cotton
107.4,48.64,32.74,25.64,93.48,7.18,72.84,cotton
121.97,58.66,26.92,22.46,81.07,6.19,90.3,cotton
136.44,46.48,16.93,24.8,81.89,6.94,82.54,cotton
115.71,53.17,22.54,21.44,74.75,6.77,89.24,cotton
119.58,41.7,20.65,23.07,84.2,7.07,76.62,cotton
120.58,55.41,17.32,24.91,79.45,7.11,72.55,cotton
119.12,53.95,15.85,20.58,73.34,6.31,87.54,cotton
100.93,44.11,22.07,24.94,77.87,7.0,81.69,cotton
76.16,45.42,51.18,26.92,92.0,6.5,173.0,jute
65.08,41.23,49.51,23.59,89.2,6.2,153.63,jute
74.99,46.45,44.62,26.03,77.52,6.65,168.32,jute
69.25,40.68,45.14,20.33,87.69,6.56,159.25,jute
85.8,57.3,45.59,26.15,85.03,6.01,164.26,jute
69.29,55.47,38.08,27.01,82.28,6.36,162.96,jute
91.34,41.47,40.62,22.94,78.03,6.68,159.04,jute
68.8,48.9,35.78,22.87,74.9,6.67,193.57,jute
93.47,41.82,50.75,22.39,85.02,6.41,157.28,jute
70.95,46.53,42.9,26.57,74.88,6.3,156.37,jute
77.29,45.43,35.25,25.57,90.91,6.5,166.03,jute
84.0,42.99,43.34,23.1,88.76,6.84,162.3,jute
72.51,43.3,46.86,21.73,76.26,6.48,174.39,jute
75.69,36.46,38.0,24.65,76.46,6.97,193.09,jute
77.62,48.51,29.19,23.85,84.62,6.53,159.95,jute
101.18,59.63,42.34,27.75,68.47,6.38,165.3,jute
76.04,43.47,27.25,25.87,82.32,7.34,158.93,jute
69.7,28.14,38.53,27.15,76.54,7.56,169.57,jute
79.87,37.36,41.44,19.95,83.07,6.99,201.89,jute
68.2,48.02,42.82,26.01,75.27,5.74,181.64,jute
76.88,42.93,43.82,24.79,73.0,5.93,152.12,jute
102.33,51.96,40.94,24.45,78.36,7.17,164.89,jute
84.17,44.46,49.7,26.76,85.83,6.47,195.86,jute
75.27,47.67,48.18,22.29,80.62,6.88,185.1,jute
73.89,61.5,33.53,28.55,85.68,7.46,142.94,jute
69.71,57.34,30.61,20.88,77.16,6.78,206.54,jute
76.55,42.64,41.56,26.07,81.81,6.63,135.6,jute
69.22,56.84,40.94,24.09,85.19,6.25,170.19,jute
79.78,43.81,40.5,24.43,72.6,6.77,148.13,jute
80.06,56.52,38.59,21.97,78.97,6.37,186.59,jute
76.92,58.87,45.81,24.52,83.18,6.54,175.38,jute
74.79,52.27,47.16,26.9,84.21,7.07,185.73,jute
67.01,58.81,49.02,24.32,77.75,6.94,185.72,jute
76.38,38.15,41.53,26.28,83.23,6.84,169.28,jute
88.34,47.36,37.68,24.45,70.87,6.63,188.47,jute
81.8,57.54,38.69,26.12,83.56,7.64,177.6,jute
67.96,52.84,49.33,24.09,83.81,7.19,195.04,jute
79.66,42.01,39.59,26.05,84.14,6.83,167.1,jute
83.95,52.92,41.9,22.81,78.69,7.08,147.04,jute
57.47,57.46,42.56,26.42,74.22,7.0,180.2,jute
62.56,56.87,40.79,23.91,77.71,5.89,186.57,jute
81.02,45.54,46.39,21.44,76.62,6.36,169.12,jute
79.07,49.91,38.27,22.71,88.03,7.66,177.57,jute
70.83,57.23,32.77,24.06,76.12,6.24,169.1,jute
69.76,46.99,40.14,23.35,77.75,6.61,190.9,jute
76.92,52.67,42.93,26.33,86.54,6.25,165.24,jute
96.03,45.1,25.92,24.39,80.27,5.65,201.38,jute
71.26,49.2,38.87,21.68,74.25,6.33,196.41,jute
76.92,43.25,35.33,27.89,86.92,7.17,184.55,jute
81.3,38.39,38.77,23.19,70.47,7.12,160.78,jute
90.36,53.07,42.78,26.43,76.52,7.44,175.56,jute
81.42,42.36,35.34,26.09,80.69,6.38,145.93,jute
65.7,55.27,36.93,24.05,86.85,6.25,160.16,jute
70.71,58.23,49.97,26.78,83.52,6.47,213.65,jute
81.08,52.87,39.47,24.23,87.92,6.92,203.73,jute
80.95,40.96,37.08,25.16,76.47,6.26,198.73,jute
72.95,47.87,41.48,23.43,86.85,6.25,179.93,jute
80.86,46.52,33.52,27.08,83.32,6.43,188.85,jute
82.15,37.94,35.73,27.75,81.15,6.47,157.53,jute
73.25,43.79,35.77,20.55,85.3,7.09,149.23,jute
79.76,40.58,38.69,24.04,77.46,7.5,165.89,jute
70.32,41.56,45.22,20.77,75.79,7.28,179.58,jute
80.32,61.83,41.23,23.13,78.19,6.25,199.82,jute
84.15,54.77,46.06,23.86,74.88,6.68,157.24,jute
80.05,54.82,39.16,25.27,79.13,7.02,161.34,jute
56.44,50.2,44.94,26.02,76.4,6.25,184.59,jute
79.81,46.02,49.11,22.53,88.48,6.71,137.99,jute
76.61,53.62,38.17,21.21,78.78,6.36,184.54,jute
86.13,39.51,36.47,26.79,75.31,6.27,151.13,jute
81.92,49.06,36.58,24.91,87.24,6.31,135.67,jute
82.95,46.13,36.45,26.53,83.8,5.82,161.65,jute
101.58,50.98,43.38,27.83,79.69,7.02,189.06,jute
83.79,44.65,40.86,23.43,79.66,6.23,158.89,jute
75.58,40.29,37.47,24.49,81.61,7.08,165.42,jute
91.75,53.47,42.52,25.28,81.2,7.17,199.17,jute
91.75,47.19,42.77,28.26,76.48,6.57,175.02,jute
87.4,53.31,38.85,21.13,80.83,6.33,144.9,jute
65.76,49.18,46.81,25.0,80.66,7.17,143.81,jute
83.6,46.82,42.83,23.69,75.51,6.76,207.68,jute
87.01,43.35,33.3,20.69,86.18,6.32,168.19,jute
91.61,35.6,47.46,24.27,73.86,6.6,160.25,jute
82.81,42.36,30.44,24.35,72.82,6.78,150.96,jute
73.52,48.18,38.94,25.53,83.0,6.24,173.41,jute
45.1,48.63,38.5,22.44,81.18,7.17,165.18,jute
68.95,48.06,33.32,23.25,85.71,6.72,137.11,jute
60.43,48.03,44.31,20.86,81.85,7.23,212.46,jute
81.71,50.45,29.33,30.15,76.72,6.33,169.6,jute
93.52,62.36,40.63,27.4,79.82,6.28,204.23,jute
72.18,57.65,46.49,26.44,88.74,7.59,171.2,jute
70.31,33.85,51.22,23.8,85.28,6.4,205.47,jute
71.4,38.56,38.96,23.57,82.58,6.68,187.25,jute
75.49,42.24,37.08,30.01,80.73,5.91,164.3,jute
79.37,59.82,45.14,22.6,91.69,6.69,199.63,jute
66.85,30.11,32.96,16.77,90.16,6.79,156.21,jute
82.93,48.23,43.1,27.92,78.15,6.35,191.26,jute
86.42,47.61,50.89,23.81,75.1,6.87,161.2,jute
83.36,41.07,38.0,29.63,77.57,6.38,198.11,jute
67.89,42.05,42.88,27.25,85.7,6.4,186.62,jute
73.74,42.66,46.02,23.53,80.99,6.76,153.28,jute
88.06,50.82,30.07,25.59,75.74,7.14,145.79,jute
97.64,30.51,30.17,27.41,49.79,7.46,168.6,coffee
114.8,33.07,29.84,22.29,55.52,7.44,185.81,coffee
95.0,14.61,28.84,24.78,57.4,7.01,175.62,coffee
111.1,30.93,20.9,24.65,72.72,6.95,165.46,coffee
104.79,30.78,17.98,24.9,58.67,7.31,159.05,coffee
84.73,30.85,25.88,22.46,53.9,7.02,183.28,coffee
106.03,31.86,32.27,25.75,63.08,5.83,160.32,coffee
90.75,34.51,29.16,25.58,49.87,7.21,170.65,coffee
106.77,24.63,26.03,26.06,54.73,6.97,114.88,coffee
96.32,37.68,32.1,25.92,70.81,5.87,141.79,coffee
97.19,32.99,34.28,23.33,64.89,6.64,182.33,coffee
90.87,28.08,27.45,28.14,55.76,6.78,168.24,coffee
106.65,33.13,30.96,24.45,56.8,6.81,163.09,coffee
99.73,28.8,22.31,27.17,59.99,7.2,158.1,coffee
83.82,26.91,28.9,27.36,46.48,6.82,168.37,coffee
94.59,29.07,26.76,23.68,56.45,6.52,171.77,coffee
93.85,24.19,38.74,27.9,47.73,6.49,162.95,coffee
104.44,21.25,35.69,27.56,61.79,7.34,167.15,coffee
105.69,36.49,35.41,23.4,62.7,6.53,168.18,coffee
105.97,21.78,29.29,26.16,56.28,6.93,174.22,coffee
100.89,29.82,36.82,26.68,60.1,6.42,171.52,coffee
104.5,35.12,30.13,20.96,48.7,7.09,146.7,coffee
105.57,29.27,29.07,25.26,53.71,6.79,146.41,coffee
97.48,27.08,28.77,27.81,58.12,7.21,188.86,coffee
109.75,31.37,31.53,27.66,59.44,7.19,170.38,coffee
97.6,33.18,30.36,25.23,56.04,6.87,178.03,coffee
110.09,30.47,32.9,28.68,58.0,6.35,184.12,coffee
95.9,25.25,20.92,26.93,49.17,6.5,169.86,coffee
108.42,25.44,29.23,23.32,55.61,6.91,148.07,coffee
98.76,21.38,35.56,26.78,63.66,7.32,141.6,coffee
97.62,19.23,45.6,25.13,65.13,6.3,178.03,coffee
119.78,28.4,24.85,25.15,45.54,6.78,174.52,coffee
100.84,27.28,32.54,27.01,48.94,6.84,206.82,coffee
87.85,28.27,39.61,28.26,55.82,6.88,158.06,coffee
93.72,28.33,28.5,25.78,54.41,6.29,157.27,coffee
118.35,29.11,28.24,27.39,57.95,7.55,158.02,coffee
108.2,24.93,32.42,26.19,58.56,6.6,145.34,coffee
104.02,31.84,29.26,26.22,58.67,6.84,154.09,coffee
101.38,42.19,31.46,27.11,61.53,6.69,183.98,coffee
98.29,33.98,28.23,23.1,61.09,6.36,168.81,coffee
89.26,27.1,22.74,32.56,48.98,6.8,180.97,coffee
111.56,32.96,28.31,28.88,64.38,6.88,162.91,coffee
98.16,24.15,36.09,28.78,53.6,6.74,155.23,coffee
100.87,29.02,34.63,23.63,53.82,7.29,148.85,coffee
88.57,26.27,28.25,29.39,64.45,7.26,174.5,coffee
110.66,25.26,28.91,23.03,57.64,7.07,160.79,coffee
114.31,22.99,32.4,22.38,59.47,7.1,153.81,coffee
106.71,23.9,21.58,26.89,69.36,6.4,182.54,coffee
101.63,22.02,24.24,25.54,56.47,6.27,124.22,coffee
92.73,29.67,29.87,24.25,60.11,7.22,165.98,coffee
99.99,33.34,25.1,24.94,57.69,6.31,149.7,coffee
80.45,38.26,25.21,29.47,59.13,7.03,148.32,coffee
103.28,31.95,33.22,27.44,56.69,6.61,126.22,coffee
106.43,34.11,37.98,26.26,54.3,6.12,178.93,coffee
83.24,27.0,28.78,25.33,59.11,6.86,109.79,coffee
101.35,17.55,33.56,24.11,45.96,6.47,146.7,coffee
113.11,29.68,31.62,28.45,58.32,7.1,171.78,coffee
88.34,36.06,22.8,27.79,49.8,7.04,195.34,coffee
99.07,27.42,32.95,24.68,69.81,6.88,151.7,coffee
95.8,24.04,26.76,24.62,55.97,6.54,200.08,coffee
90.9,29.43,32.86,27.08,58.55,6.7,167.13,coffee
103.87,27.41,22.09,24.33,52.02,6.53,158.76,coffee
104.79,37.6,27.21,27.44,60.74,7.32,169.62,coffee
91.12,20.08,31.46,24.18,53.02,6.29,161.32,coffee
116.28,26.66,32.85,25.24,51.16,7.09,136.21,coffee
101.42,26.99,34.37,22.85,61.25,6.46,147.88,coffee
64.85,39.16,32.65,23.58,52.15,6.6,172.44,coffee
82.28,27.99,38.75,22.67,59.38,7.68,170.74,coffee
102.46,31.23,27.9,28.75,56.5,6.02,150.27,coffee
91.53,27.29,28.6,28.49,63.07,6.91,158.04,coffee
90.61,17.79,30.47,27.49,58.25,6.59,167.39,coffee
100.37,37.13,36.06,27.9,63.45,6.28,171.36,coffee
104.96,31.73,32.36,26.63,75.11,6.77,176.83,coffee
96.49,32.65,34.6,26.41,68.92,6.45,148.36,coffee
103.32,33.1,30.8,28.71,54.93,6.34,164.26,coffee
100.43,31.41,29.76,24.65,58.45,6.81,152.0,coffee
99.17,26.68,34.18,25.99,72.44,6.86,147.08,coffee
127.91,30.77,34.85,26.98,62.64,7.01,136.06,coffee
104.88,22.08,29.03,23.69,61.04,6.93,167.72,coffee
104.07,25.67,28.59,27.8,65.31,6.34,127.48,coffee
93.93,33.93,35.97,23.19,60.74,7.53,166.41,coffee
115.42,33.69,25.35,25.03,59.11,6.84,176.43,coffee
105.29,14.02,23.34,20.03,59.95,6.9,163.76,coffee
91.61,32.07,33.48,22.36,50.1,6.8,193.94,coffee
118.2,31.52,26.25,27.72,56.19,6.49,115.22,coffee
102.22,25.55,30.38,19.75,59.92,5.83,179.86,coffee
106.42,27.31,32.71,23.05,59.33,7.12,96.21,coffee
96.73,28.59,28.92,29.14,52.16,6.55,119.78,coffee
116.3,27.47,27.71,25.37,62.72,6.94,211.06,coffee
105.74,26.37,27.09,24.52,49.89,6.82,173.77,coffee
95.07,24.66,37.48,21.93,46.49,6.34,127.29,coffee
105.06,26.9,28.8,28.38,54.75,7.11,188.33,coffee
96.64,32.39,28.69,27.81,49.47,6.14,150.27,coffee
92.31,26.12,28.8,27.3,56.45,6.47,151.07,coffee
93.51,24.03,21.83,25.67,55.49,7.19,129.15,coffee
95.78,37.76,25.2,24.91,51.6,6.26,189.05,coffee
102.91,29.37,21.42,26.4,65.84,7.26,171.47,coffee
89.91,30.27,33.24,21.01,52.17,7.16,175.62,coffee
85.71,32.68,30.38,27.45,55.09,7.06,174.98,coffee
97.69,28.79,26.66,29.63,58.18,6.43,143.78,coffee
